occ,port_rate,rank,portability_index,occ_title,weighted_employment
2320,0.010067637217973121,1,1.0,Secondary school teachers,5472042.7893
20,0.010026457266250248,2,0.9980916030534351,General and operations managers,6958987.9362
5000,0.009894979808715027,3,0.9961832061068703,First-Line supervisors of office and administrative support workers,7114112.1174
2310,0.009700550973885958,4,0.9942748091603053,Elementary and middle school teachers,20157935.349799998
310,0.009055492494485106,5,0.9923664122137404,Food service managers,6425960.8638
4760,0.008905241487493038,6,0.9904580152671756,Retail salespersons,13976075.1649
4710,0.00857026164244393,7,0.9885496183206107,First-Line supervisors of non-retail sales workers,6286646.6535
4510,0.008503403330538239,8,0.9866412213740458,"Hairdressers, hairstylists, and cosmetologists",3814053.562
9645,0.00832701638911597,9,0.9847328244274809,Stockers and order fillers,9205534.6442
4850,0.008072016836256008,10,0.982824427480916,"Sales representatives, wholesale and manufacturing",6313761.7074
4720,0.007926796257330419,11,0.9809160305343512,Cashiers,13500837.07
4700,0.00778381320560093,12,0.9790076335877863,First-Line supervisors of retail sales workers,16840281.3127
2545,0.007686781674628264,13,0.9770992366412213,Teaching assistants,7902803.879000001
440,0.007572924805613584,14,0.9751908396946565,"Managers, all other",29149695.1166
3160,0.007179876390413726,15,0.9732824427480916,Physical therapists,1774899.8
3421,0.007084985057539284,16,0.9713740458015268,Pharmacy technicians,2147192.8382
4010,0.007083134392519532,17,0.9694656488549618,First-line supervisors of food preparation and serving workers,2922809.3868
4020,0.0069855262582151885,18,0.9675572519083969,Cooks,11038354.1105
2360,0.006955422163873806,19,0.9656488549618321,Other teachers and instructors,4431803.0868999995
565,0.006914682420470846,20,0.9637404580152672,Compliance officers,1743940.366
160,0.006888378218029155,21,0.9618320610687023,"Transportation, storage, and distribution managers",2018152.5839
3603,0.006753971394265444,22,0.9599236641221374,Nursing assistants,7446472.6602
3645,0.006750220907348051,23,0.9580152671755725,Medical assistants,3444699.5074
9130,0.006742507578253509,24,0.9561068702290076,Driver/sales workers and truck drivers,18616476.9733
630,0.006698068321093999,25,0.9541984732824428,Human resources workers,5306350.4353
3930,0.006652068638521252,26,0.9522900763358778,Security guards and gambling surveillance officers,4802309.8071
3050,0.00654949843681909,27,0.950381679389313,Pharmacists,1981797.4355
9620,0.006470240393397098,28,0.9484732824427481,"Laborers and freight, stock, and material movers, hand",12147148.817499999
5240,0.006449775095579391,29,0.9465648854961832,Customer service representatives,14771543.1791
2300,0.006309798754124135,30,0.9446564885496184,Preschool and kindergarten teachers,3745091.5878
4220,0.00629297556036652,31,0.9427480916030534,Janitors and building cleaners,11761697.784
5740,0.006163757194024956,32,0.9408396946564885,"Secretaries and administrative assistants, except legal, medical, and executive",10288623.4475
4350,0.006152285573528493,33,0.9389312977099237,Animal caretakers,1618116.5775000001
5610,0.006146473418993981,34,0.9370229007633588,"Shipping, receiving, and inventory clerks",3412713.4091
120,0.006101966386912365,35,0.9351145038167938,Financial managers,8094297.2013
4055,0.006088078369717167,36,0.933206106870229,Fast food and counter workers,4324560.4074
3090,0.006054202363159697,37,0.9312977099236641,Other physicians,4815208.1555
4840,0.00602672725394757,38,0.9293893129770993,"Sales representatives of services, except advertising, insurance, financial services, and travel",3410093.9732
5400,0.006011654828174631,39,0.9274809160305344,Receptionists and information clerks,6577331.8289
230,0.00598195320205956,40,0.9255725190839694,Education and childcare administrators,5523774.8343
9005,0.005967416810369895,41,0.9236641221374046,Supervisors of transportation and material moving workers,1808035.0082
3640,0.005924870957463386,42,0.9217557251908397,Dental assistants,1671042.2395
800,0.005903110480298596,43,0.9198473282442748,Accountants and auditors,9327361.389
6410,0.005811622546751361,44,0.91793893129771,Painters and paperhangers,2816897.0385
4600,0.005811072786968581,45,0.916030534351145,Childcare workers,5356862.6872
2330,0.005795069674442701,46,0.9141221374045801,Special education teachers,2086666.8141
3255,0.005760284773391237,47,0.9122137404580153,Registered nurses,19085648.5968
4110,0.005605137726650835,48,0.9103053435114504,Waiters and waitresses,9556688.739500001
4810,0.005593296795697811,49,0.9083969465648855,Insurance sales agents,3259456.3489
750,0.005476489103330496,50,0.9064885496183206,"Business operations specialists, all other",2712387.4655
3870,0.005453223648497371,51,0.9045801526717557,Police officers,3920655.0377
3500,0.005433869670370399,52,0.9026717557251909,Licensed practical and licensed vocational nurses,3143605.5179000003
5860,0.0053776531749665755,53,0.9007633587786259,"Office clerks, general",6633077.8964
2205,0.005320256894182426,54,0.898854961832061,Postsecondary teachers,5693962.5991
520,0.0053027215911056165,55,0.8969465648854962,"Wholesale and retail buyers, except farm products",994934.6166
5510,0.0052641653430564326,56,0.8950381679389313,Couriers and messengers,4334240.2911
3323,0.005250082206294358,57,0.8931297709923665,Radiologic technologists and technicians,1491502.1067
2555,0.005236850434820484,58,0.8912213740458015,Other educational instruction and library workers,1015463.7055
3655,0.005173740924641598,59,0.8893129770992366,Other healthcare support workers,1099551.1215000001
2002,0.00517095067671444,60,0.8874045801526718,"Educational, guidance, and career counselors and advisors",2009963.2789
4030,0.0051548038521008034,61,0.8854961832061069,Food preparation workers,4947336.0956
420,0.005090457680059781,62,0.883587786259542,Social and community service managers,2530707.626
6260,0.005051104942179264,63,0.8816793893129771,Construction laborers,11862736.7231
6230,0.005050464615857146,64,0.8797709923664122,Carpenters,6985451.6537999995
3310,0.005026946189657121,65,0.8778625954198473,Dental hygienists,1260645.1912
2435,0.0050221833740589856,66,0.8759541984732825,Librarians and media collections specialists,974682.7032999999
4920,0.005017438554743269,67,0.8740458015267176,Real estate brokers and sales agents,5406297.239
5550,0.004977346831880778,68,0.8721374045801527,Postal service mail carriers,1783899.5345
6200,0.004911037377004305,69,0.8702290076335878,First-line supervisors of construction trades and extraction workers,3890227.5707
5120,0.004907525750820459,70,0.8683206106870229,"Bookkeeping, accounting, and auditing clerks",6006470.7616
4200,0.0048992651538215465,71,0.866412213740458,First-line supervisors of housekeeping and janitorial workers,1767804.6598
2014,0.0048706042283040984,72,0.8645038167938931,"Social workers, all other",3724115.0245000003
725,0.004804892819931004,73,0.8625954198473282,"Meeting, convention, and event planners",918556.521
3230,0.004747255185669031,74,0.8606870229007634,Speech-language pathologists,1081756.0381
4251,0.004663811335018239,75,0.8587786259541985,Landscaping and groundskeeping workers,5460851.7521
51,0.0046121960378116824,76,0.8568702290076335,Marketing managers,3297618.5672
2016,0.004607613369784249,77,0.8549618320610687,Social and human service assistants,1277231.2587000001
5710,0.004600055913467289,78,0.8530534351145038,Executive secretaries and executive administrative assistants,1326680.3371000001
3515,0.004490148250535276,79,0.851145038167939,Medical records specialists,1127235.9008
110,0.00447982577782986,80,0.8492366412213741,Computer and information systems managers,4130294.0414
10,0.004449502736109982,81,0.8473282442748091,Chief executives,8858392.9719
6442,0.004415958853157664,82,0.8454198473282443,"Plumbers, pipefitters, and steamfitters",3349436.4813
4040,0.0043783067598944184,83,0.8435114503816794,Bartenders,2228643.0643
5522,0.004289077557998798,84,0.8416030534351145,"Dispatchers, except police, fire, and ambulance",1073051.9514000001
3602,0.004269284594438356,85,0.8396946564885497,Personal care aides,7842307.2763
7700,0.004224376348035855,86,0.8377862595419847,First-line supervisors of production and operating workers,4219399.6269
8740,0.004223965792076128,87,0.8358778625954199,"Inspectors, testers, sorters, samplers, and weighers",4381075.3003
3550,0.00416111406316825,88,0.833969465648855,Other healthcare practitioners and technical occupations,561506.4724
3820,0.004127992058168428,89,0.83206106870229,Detectives and criminal investigators,880703.9403
7800,0.0041279498928758545,90,0.8301526717557252,Bakers,1202489.037
5160,0.00411202982278787,91,0.8282442748091603,Tellers,1323707.0256999999
9610,0.003995921738626144,92,0.8263358778625954,Cleaners of vehicles and equipment,2021490.2858
9121,0.003989418035377061,93,0.8244274809160306,"Bus drivers, school",1166788.8057
2006,0.0039791195745452505,94,0.8225190839694656,"Counselors, all other",1406231.5614999998
6355,0.003977286465495868,95,0.8206106870229007,Electricians,5236158.7653
910,0.003943699773205366,96,0.8187022900763359,Credit counselors and loan officers,2187662.1892
3424,0.003927944615646434,97,0.816793893129771,Veterinary technologists and technicians,762830.0228
3545,0.003927177003151949,98,0.8148854961832062,Miscellaneous health technologists and technicians,811987.3171
2001,0.0039104060661858935,99,0.8129770992366412,Substance abuse and behavioral disorder counselors,758469.0241
8990,0.003901863020383316,100,0.8110687022900763,Other production workers,6844332.9998
4230,0.003893735831529062,101,0.8091603053435115,Maids and housekeeping cleaners,7032501.354499999
5521,0.003873771826385951,102,0.8072519083969466,Public safety telecommunicators,444807.61470000003
2145,0.0038727604872063827,103,0.8053435114503817,Paralegals and legal assistants,2280492.8068
4622,0.003871030604577513,104,0.8034351145038168,Recreation workers,732277.7334
3620,0.0038412383019771055,105,0.8015267175572519,Physical therapist assistants and aides,502447.1982
4120,0.003821098269226529,106,0.799618320610687,"Food servers, nonrestaurant",1086990.3311
102,0.0038169678659860577,107,0.7977099236641221,Facilities managers,753070.1113
5940,0.0038152403408386517,108,0.7958015267175572,"Office and administrative support workers, all other",3475887.492
540,0.003774834325518582,109,0.7938931297709924,"Claims adjusters, appraisers, examiners, and investigators",1890320.4147
4435,0.0037120469990039586,110,0.7919847328244275,Other entertainment attendants and related workers,975685.4295
5420,0.0037057514695923994,111,0.7900763358778626,"Information and record clerks, all other",570394.4296
2752,0.003704211449733624,112,0.7881679389312977,Musicians and singers,661781.9331
2100,0.003704071980496043,113,0.7862595419847328,Lawyers,6131503.6833999995
3960,0.0036989796477976122,114,0.7843511450381679,Other protective service workers,657606.9834
4150,0.0036961665727467076,115,0.7824427480916031,"Hosts and hostesses, restaurant, lounge, and coffee shop",1500385.2212999999
5810,0.0036803798951034164,116,0.7805343511450382,Data entry keyers,1321212.2156
3010,0.0036673017152226853,117,0.7786259541984732,Dentists,881613.3798
2025,0.0036550819660674076,118,0.7767175572519084,Other community and social service specialists,566454.4906
4750,0.003643173718395833,119,0.7748091603053435,Parts salespersons,710865.7021
4800,0.0035593598038141092,120,0.7729007633587787,Advertising sales agents,769015.8215999999
7200,0.003557695059208851,121,0.7709923664122138,Automotive service technicians and mechanics,4850593.0763
7340,0.003542213300991544,122,0.7690839694656488,"Maintenance and repair workers, general",3651144.9961
9600,0.0035355963808597116,123,0.767175572519084,Industrial truck and tractor operators,3314603.5901
5540,0.003499495484868136,124,0.7652671755725191,Postal service clerks,548883.806
2640,0.0034470831593920973,125,0.7633587786259541,Other designers,2094389.9282
5110,0.003422811206465083,126,0.7614503816793893,Billing and posting clerks,2479438.9256
7315,0.0034192638057871172,127,0.7595419847328244,"Heating, air conditioning, and refrigeration mechanics and installers",2556327.2693
5600,0.003363943584585393,128,0.7576335877862596,"Production, planning, and expediting clerks",1254049.4732
5310,0.0033442604669545804,129,0.7557251908396947,"Interviewers, except eligibility and loan",908627.9005
3910,0.0033213329500413817,130,0.7538167938931297,Private detectives and investigators,632938.6987000001
350,0.0033128706072197184,131,0.7519083969465649,Medical and health services managers,4482834.9969
3401,0.0033009587065151087,132,0.75,Emergency medical technicians,951039.9638
6240,0.003283461084431002,133,0.7480916030534351,"Carpet, floor, and tile installers and finishers",802908.6009
2600,0.003283353366043926,134,0.7461832061068703,Artists and related workers,1603267.8749
3322,0.0032792626607228838,135,0.7442748091603053,Diagnostic medical sonographers,507657.6457
1108,0.0032217523292716083,136,0.7423664122137404,"Computer occupations, all other",5950633.8785
3250,0.003199300564610403,137,0.7404580152671756,Veterinarians,472598.9837
1050,0.0031971567620090765,138,0.7385496183206106,Computer support specialists,3957470.7133
2850,0.0031897787804265635,139,0.7366412213740459,Writers and authors,1210463.5494
9122,0.003180536936864187,140,0.7347328244274809,"Bus drivers, transit and intercity",1227757.2577
140,0.003173307888170972,141,0.732824427480916,Industrial production managers,1680232.5053
4130,0.003143060788200186,142,0.7309160305343512,Dining room and cafeteria attendants and bartender helpers,1421462.803
2015,0.0031247805200625618,143,0.7290076335877862,Probation officers and correctional treatment specialists,426046.0517
101,0.0031239248429368945,144,0.7270992366412214,Administrative services managers,410077.6323
52,0.0031048375127397886,145,0.7251908396946565,Sales managers,3198175.4513999997
3423,0.0031026686017614964,146,0.7232824427480916,Surgical technologists,595141.7925
8300,0.0031017773303645387,147,0.7213740458015268,Laundry and dry-cleaning workers,636334.6936
5260,0.003080486478033993,148,0.7194656488549618,File clerks,887999.7881
6515,0.003069468551976508,149,0.7175572519083969,Roofers,1219619.3482
3300,0.0030530708214674485,150,0.7156488549618321,Clinical laboratory technologists and technicians,1960963.2454
2830,0.0030465168696813317,151,0.7137404580152672,Editors,555001.0349
7810,0.0030378681115286847,152,0.7118320610687023,"Butchers and other meat, poultry, and fish processing workers",1348137.4108
2722,0.0030299063708920265,153,0.7099236641221374,Coaches and scouts,1632363.956
3220,0.0030069726117150377,154,0.7080152671755725,Respiratory therapists,574881.3354
2861,0.00299889767071519,155,0.7061068702290076,Interpreters and translators,453502.381
1970,0.0029904920475558143,156,0.7041984732824427,"Other life, physical, and social science technicians",1738436.574
5165,0.0029810530816870144,157,0.7022900763358779,"Financial clerks, all other",729188.5529
4522,0.002970635601515117,158,0.700381679389313,Skincare specialists,506263.6997
4500,0.002954194442470463,159,0.6984732824427481,Barbers,645976.3593
8140,0.0029252870797378864,160,0.6965648854961832,"Welding, soldering, and brazing workers",3080217.7179
4740,0.0029088759696895674,161,0.6946564885496183,Counter and rental clerks,393402.8896
5320,0.002908134637854118,162,0.6927480916030535,"Library assistants, clerical",365441.6115
5410,0.0028967641421300187,163,0.6908396946564885,Reservation and transportation ticket agents and travel clerks,626302.6851
60,0.002895380540550781,164,0.6889312977099237,Public relations and fundraising managers,693558.1085999999
9150,0.0028818450484352923,165,0.6870229007633588,"Motor vehicle operators, all other",910737.0208
4820,0.002869266698024821,166,0.6851145038167938,"Securities, commodities, and financial services sales agents",1249151.2482
7420,0.002852252638000685,167,0.6832061068702291,Telecommunications line installers and repairers,819026.3541
410,0.002851689818945086,168,0.6812977099236641,"Property, real estate, and community association managers",4042052.8441
3000,0.002834565735263018,169,0.6793893129770993,Chiropractors,294834.3109
2710,0.0028301318753460657,170,0.6774809160305344,Producers and directors,1045909.5255
8810,0.002829824079238893,171,0.6755725190839694,Painting workers,886757.1240000001
5300,0.0028256172860890777,172,0.6736641221374046,"Hotel, motel, and resort desk clerks",527451.0674
7640,0.0028128360112454503,173,0.6717557251908397,"Other installation, maintenance, and repair workers",1097960.7725
3110,0.0027511223611193184,174,0.6698473282442747,Physician assistants,916095.7143
3648,0.002741939984024488,175,0.66793893129771,Veterinary assistants and laboratory animal caretakers,370103.3685
710,0.0027254691989679657,176,0.666030534351145,Management analysts,5544794.0581
335,0.0027237856982083074,177,0.6641221374045801,Entertainment and recreation managers,294327.5695
6305,0.0026921615223259253,178,0.6622137404580153,Construction equipment operators,2049349.0712
5840,0.002686164195104114,179,0.6603053435114503,Insurance claims and policy processing clerks,1511866.6492
150,0.002661413365998682,180,0.6583969465648856,Purchasing managers,1310881.4195
850,0.0026501981358998668,181,0.6564885496183206,Personal financial advisors,2731306.5525
735,0.0026323065711334214,182,0.6545801526717557,Market research analysts and marketing specialists,2615314.5456999997
705,0.002625271617403597,183,0.6526717557251909,Project management specialists,4858456.9706999995
7750,0.002617125246337393,184,0.6507633587786259,Other assemblers and fabricators,5393965.8725000005
3725,0.0026017760786312427,185,0.6488549618320612,First-line supervisors of security workers,440677.0989
530,0.002582096549104279,186,0.6469465648854962,"Purchasing agents, except wholesale, retail, and farm products",1545019.1505
4210,0.0025816558758358825,187,0.6450381679389313,"First-line supervisors of landscaping, lawn service, and groundskeeping workers",1391476.2652
6220,0.002575810045719014,188,0.6431297709923665,"Brickmasons, blockmasons, and stonemasons",686523.0682
4240,0.0025402619534544498,189,0.6412213740458015,Pest control workers,584221.0184
2400,0.002524879317285207,190,0.6393129770992366,"Archivists, curators, and museum technicians",373386.0155
7330,0.0025150499006226985,191,0.6374045801526718,Industrial and refractory machinery mechanics,2253031.0164
136,0.002512321105775138,192,0.6354961832061068,Human resources managers,1674600.2354000001
2040,0.0024958601106495285,193,0.633587786259542,Clergy,1876277.4515
8255,0.0024705803453576695,194,0.6316793893129771,Printing press operators,731471.9407
4655,0.0024607862765444774,195,0.6297709923664122,"Personal care and service workers, all other",718900.5645999999
6520,0.002434216542096624,196,0.6278625954198473,Sheet metal workers,753234.9572
4140,0.0024269566130142627,197,0.6259541984732824,Dishwashers,1281825.4832000001
7020,0.002416101859177076,198,0.6240458015267176,Radio and telecommunications equipment installers and repairers,680977.8737
1010,0.002391241889295327,199,0.6221374045801527,Computer programmers,2364149.5987
5220,0.002381589576956482,200,0.6202290076335878,"Court, municipal, and license clerks",470998.5726
7000,0.002380863060452686,201,0.6183206106870229,"First-line supervisors of mechanics, installers, and repairers",1380996.0786000001
9142,0.0023758093115180444,202,0.616412213740458,Taxi drivers,2338720.3328
9640,0.002360352881754172,203,0.6145038167938932,"Packers and packagers, hand",3724143.8251
340,0.0023426118026143063,204,0.6125954198473282,Lodging managers,642695.9062
7150,0.002335232555716691,205,0.6106870229007634,Automotive body and related repairers,705661.5079999999
8800,0.0023301799488030994,206,0.6087786259541985,Packaging and filling machine operators and tenders,1475624.8502
1555,0.002318709142892983,207,0.6068702290076335,"Other engineering technologists and technicians, except drafters",1948442.261
6330,0.002314045206608647,208,0.6049618320610687,"Drywall installers, ceiling tile installers, and tapers",946335.2331
3610,0.002305269044397786,209,0.6030534351145038,Occupational therapy assistants and aides,172411.25470000002
5140,0.002269689904600498,210,0.6011450381679388,Payroll and timekeeping clerks,749306.6849
9365,0.002256365496200238,211,0.5992366412213741,Transportation service attendants,412420.6503
4521,0.002255421997980048,212,0.5973282442748091,Manicurists and pedicurists,1477884.8111999999
2634,0.002236413296185216,213,0.5954198473282443,Graphic designers,1623028.7318
3402,0.002204444196065641,214,0.5935114503816794,Paramedics,568519.6007
7010,0.002186731658197836,215,0.5916030534351144,"Computer, automated teller, and office machine repairers",893728.1599000001
3802,0.0021626586732069243,216,0.5896946564885497,Correctional officers and jailers,1804692.3517
5100,0.0021522737734580672,217,0.5877862595419847,Bill and account collectors,561604.7604
2810,0.0021466922437784327,218,0.5858778625954199,"News analysts, reporters, and journalists",452411.89249999996
9141,0.002138402149563811,219,0.583969465648855,Shuttle drivers and chauffeurs,362176.485
2060,0.0020773360963733407,220,0.58206106870229,"Religious workers, all other",382425.4286
2011,0.0020658964988921453,221,0.5801526717557253,"Child, family, and school social workers",352819.7218
600,0.002059310180487,222,0.5782442748091603,Cost estimators,764347.9839
7210,0.0020554232324423807,223,0.5763358778625954,Bus and truck mechanics and diesel engine specialists,1971394.8599
1006,0.0020554084049526204,224,0.5744274809160306,Computer systems analysts,3104495.7157
650,0.0020499301590665036,225,0.5725190839694656,Training and development specialists,932320.5545999999
5850,0.002047126288797256,226,0.5706106870229007,"Mail clerks and mail machine operators, except postal service",272561.0195
3245,0.002036407480247099,227,0.5687022900763359,"Therapists, all other",1592510.2524
40,0.002022672686214302,228,0.5667938931297709,Advertising and promotions managers,342728.22479999997
300,0.0019992598929607537,229,0.5648854961832062,Architectural and engineering managers,1036701.7233
4965,0.001981280337556146,230,0.5629770992366412,"Sales and related workers, all other",1968575.7902
1430,0.0019771452315805378,231,0.5610687022900763,"Industrial engineers, including health and safety",1372013.219
5350,0.0019728219040444487,232,0.5591603053435115,Order clerks,684603.2054999999
220,0.0019722300055321114,233,0.5572519083969465,Construction managers,5720339.8065
1360,0.0019605929362808373,234,0.5553435114503817,Civil engineers,2453907.5227
3710,0.0019567475440417465,235,0.5534351145038168,First-line supervisors of police and detectives,541187.3718
3321,0.0019420053766367816,236,0.5515267175572519,Cardiovascular technologists and technicians,297241.0573
2635,0.0019412640432723515,237,0.549618320610687,Interior designers,598522.9144
845,0.0019385411666132295,238,0.5477099236641221,Financial and investment analysts,2155923.4442
7260,0.0019304636637438653,239,0.5458015267175573,"Miscellaneous vehicle and mobile equipment mechanics, installers, and repairers",514454.889
7840,0.0019296051659907366,240,0.5438931297709924,Food batchmakers,511283.56
3601,0.001927134465195335,241,0.5419847328244275,Home health aides,3179103.5507
2350,0.0019209406965085306,242,0.5400763358778626,Tutors,928641.3086
5330,0.0018948852244039663,243,0.5381679389312977,Loan interviewers and clerks,667418.0592
4540,0.0018827806715037807,244,0.5362595419847328,Tour and travel guides,332964.9069
3422,0.0018771522191482757,245,0.5343511450381679,Psychiatric technicians,640471.3225
1825,0.0018674938093688291,246,0.5324427480916031,Other psychologists,699031.5829
4252,0.0018624993331504214,247,0.5305343511450382,Tree trimmers and pruners,541354.9014
5730,0.0018599682231661555,248,0.5286259541984732,Medical secretaries and administrative assistants,394679.5922
5360,0.0018589168633428212,249,0.5267175572519084,"Human resources assistants, except payroll and timekeeping",369557.0296
1240,0.001851798600031843,250,0.5248091603053435,Other mathematical science occupations,1947241.916
3030,0.0018279191087505605,251,0.5229007633587786,Dietitians and nutritionists,680362.3966
2633,0.0018273822683191842,252,0.5209923664122138,Floral designers,309720.7529
960,0.0018131638770798205,253,0.5190839694656488,Other financial specialists,530803.5774000001
3740,0.001809377017944416,254,0.517175572519084,Firefighters,1795743.4902
4830,0.0017991347017784329,255,0.5152671755725191,Travel agents,361718.4721
5560,0.0017901771209094567,256,0.5133587786259541,"Postal service mail sorters, processors, and processing machine operators",324555.98480000003
3605,0.0017668130888786908,257,0.5114503816793894,Orderlies and psychiatric aides,276377.1076
9430,0.0017657048395811803,258,0.5095419847328244,Other transportation workers,232559.3675
9050,0.0017634766351360364,259,0.5076335877862596,Flight attendants,626959.9739
2825,0.0017515382573598359,260,0.5057251908396947,Public relations specialists,720679.7773
4640,0.001727744271297807,261,0.5038167938931297,Residential advisors,171327.8621
2050,0.00172613508407727,262,0.5019083969465649,"Directors, religious activities and education",360585.00179999997
2910,0.001708859049999971,263,0.5,Photographers,1162008.9527
1065,0.0017034843244468252,264,0.49809160305343514,Database administrators and architects,743902.8183
5150,0.001703448426049408,265,0.4961832061068703,Procurement clerks,234821.439
8225,0.0016988361510324008,266,0.4942748091603053,Other metal workers and plastic workers,1960797.5244
1822,0.0016983062026236638,267,0.49236641221374045,School psychologists,313978.4584
3430,0.0016980574537491754,268,0.4904580152671756,Dietetic technicians and ophthalmic medical technicians,344584.153
700,0.0016863064108213624,269,0.4885496183206107,Logisticians,1031229.0267
8030,0.0016448537973783395,270,0.48664122137404575,Machinists,1692394.5027
9720,0.0016408844789781844,271,0.4847328244274809,Refuse and recyclable material collectors,660987.1081000001
6360,0.001634447291229536,272,0.48282442748091603,Glaziers,190234.9944
2920,0.0016279601575463919,273,0.48091603053435117,"Television, video, and film camera operators and editors",749800.5251
4000,0.001618659289076932,274,0.4790076335877863,Chefs and head cooks,2628441.3504999997
8760,0.0016030329186444996,275,0.47709923664122134,Dental and ophthalmic laboratory technicians and medical appliance technicians,388527.8995
726,0.0016006992046786143,276,0.4751908396946565,Fundraisers,533572.9639
2004,0.0015956342656187426,277,0.4732824427480916,Mental health counselors,997715.1274
3750,0.0015923475117796738,278,0.47137404580152675,Fire inspectors,123838.704
7220,0.0015746024485169335,279,0.4694656488549618,Heavy vehicle and mobile equipment service technicians and mechanics,1194604.5485
7855,0.0015659624027540373,280,0.4675572519083969,"Food processing workers, all other",767261.4637
1007,0.0015584525184692151,281,0.46564885496183206,Information security analysts,1074208.3432
5630,0.0015559098060286122,282,0.4637404580152672,"Weighers, measurers, checkers, and samplers, recordkeeping",367806.7078
2636,0.0015545694564593096,283,0.46183206106870234,Merchandise displayers and window trimmers,191938.2467
9760,0.0015330322565967505,284,0.45992366412213737,Other material moving workers,345539.4275
640,0.0015195766310827253,285,0.4580152671755725,"Compensation, benefits, and job analysis specialists",373807.7033
3150,0.0015056017629010727,286,0.45610687022900764,Occupational therapists,906866.9536
5250,0.001503982515003904,287,0.4541984732824428,"Eligibility interviewers, government programs",444031.7344
3647,0.001497307677280842,288,0.4522900763358778,Pharmacy aides,195141.6758
1560,0.0014878202299781357,289,0.45038167938931295,Surveying and mapping technicians,327532.1913
8610,0.001478853759908867,290,0.4484732824427481,Stationary engineers and boiler operators,426082.779
930,0.0014750998386566922,291,0.44656488549618323,"Tax examiners and collectors, and revenue agents",374409.6904
1305,0.0014624608917597405,292,0.44465648854961837,"Architects, except landscape and naval",1077970.6996
137,0.0014565404978121796,293,0.4427480916030534,Training and development managers,326094.45879999996
7130,0.0014558843776750214,294,0.44083969465648853,Security and fire alarm systems installers,309336.134
8830,0.0014536515161669278,295,0.4389312977099237,Photographic process workers and processing machine operators,142667.01069999998
3258,0.001440507080115403,296,0.4370229007633588,Nurse practitioners,1506353.3905
2751,0.0014327296605620712,297,0.43511450381679384,Music directors and composers,218541.0044
1032,0.001431834273346505,298,0.433206106870229,Web and digital interface designers,513520.1216
4330,0.0014299131603120604,299,0.4312977099236641,Supervisors of personal care and service workers,1214842.8823
1541,0.0014245256638912985,300,0.42938931297709926,Architectural and civil drafters,199960.10859999998
6050,0.0014106505525748286,301,0.4274809160305344,Miscellaneous agricultural workers,4091455.6186
7410,0.0014064059026199852,302,0.4255725190839694,Electrical power-line installers and repairers,745426.4659
4340,0.0013993482523715576,303,0.42366412213740456,Animal trainers,434387.7832
9350,0.0013970050553675098,304,0.4217557251908397,Parking attendants,302661.3564
6660,0.001393622983084904,305,0.41984732824427484,Construction and building inspectors,480581.8405
1021,0.0013910272616589668,306,0.41793893129770987,Software developers,11959067.176800001
2905,0.001388519708970392,307,0.416030534351145,"Broadcast, sound, and lighting technicians",558264.5099
8650,0.0013872646426747119,308,0.41412213740458015,"Crushing, grinding, polishing, mixing, and blending workers",453133.04459999996
4930,0.0013674710957427626,309,0.4122137404580153,Sales engineers,264468.335
5720,0.0013533911901122005,310,0.4103053435114504,Legal secretaries and administrative assistants,243158.3108
1105,0.0013507463852467554,311,0.40839694656488545,Network and computer systems administrators,1248317.8135000002
1410,0.0013470594296600045,312,0.4064885496183206,Electrical and electronics engineers,1649180.8932
1031,0.0013451211945279158,313,0.40458015267175573,Web developers,518930.69419999997
3330,0.001337150182797505,314,0.40267175572519087,Nuclear medicine technologists and medical dosimetrists,242008.05849999998
1530,0.0013318329769450375,315,0.4007633587786259,"Engineers, all other",3571174.1694
8710,0.0013274128244789062,316,0.39885496183206104,Cutting workers,294600.5536
4400,0.0013273208282522711,317,0.3969465648854962,Gambling services workers,456971.9584
3630,0.001325209590121489,318,0.3950381679389313,Massage therapists,988578.6348
3649,0.0013196523583184584,319,0.39312977099236646,Phlebotomists,704178.7231999999
6441,0.0013174117201042118,320,0.3912213740458015,Pipelayers,243841.1174
2013,0.001311445216468013,321,0.3893129770992366,Mental health and substance abuse social workers,98695.2564
9040,0.0013097496715576173,322,0.38740458015267176,Air traffic controllers and airfield operations specialists,198246.4971
2440,0.0013047559637565538,323,0.3854961832061069,Library technicians,168816.9332
810,0.0012940893962842693,324,0.38358778625954193,Property appraisers and assessors,422330.4787
7720,0.0012896708966873116,325,0.38167938931297707,"Electrical, electronics, and electromechanical assemblers",608596.4446
1720,0.0012799492047016415,326,0.3797709923664122,Chemists and materials scientists,489503.7098
1551,0.0012759647295996273,327,0.37786259541984735,Electrical and electronic engineering technologists and technicians,408177.8861
1106,0.001243942530749736,328,0.3759541984732825,Computer network architects,542222.3805
1545,0.0012339374705966806,329,0.3740458015267175,Other drafters,510904.3407
2805,0.0012049154225141825,330,0.37213740458015265,Broadcast announcers and radio disc jockeys,127200.9044
4465,0.001190358948997417,331,0.3702290076335878,"Morticians, undertakers, and funeral arrangers",193122.96860000002
2012,0.0011792060904170175,332,0.36832061068702293,Healthcare social workers,422876.6818
940,0.0011762345076336157,333,0.36641221374045807,Tax preparers,597213.7268000001
7320,0.0011754612908963186,334,0.3645038167938931,Home appliance repairers,280016.5248
8950,0.0011734774315347236,335,0.36259541984732824,Helpers--production workers,296525.1606
1745,0.0011583433260658705,336,0.3606870229007634,"Environmental scientists and specialists, including health",238987.4996
1650,0.0011568932846949499,337,0.3587786259541985,Medical scientists,811745.5946
360,0.0011520079313834732,338,0.35687022900763354,Natural sciences managers,212843.4491
8320,0.0011341285390946054,339,0.3549618320610687,Sewing machine operators,667499.5606
2840,0.001133869096914217,340,0.3530534351145038,Technical writers,316600.22
4530,0.0011294272352292724,341,0.35114503816793896,"Baggage porters, bellhops, and concierges",424847.6147
2865,0.0011260674966824095,342,0.3492366412213741,"Media and communication workers, all other",152179.7782
6730,0.001119856814524353,343,0.34732824427480913,Highway maintenance workers,546825.7142
6400,0.0011067977250061312,344,0.34541984732824427,Insulation workers,276333.6093
5900,0.0011048140529647183,345,0.3435114503816794,"Office machine operators, except computer",149175.16760000002
2170,0.0011018632270298186,346,0.34160305343511455,"Title examiners, abstractors, and searchers",499397.6867
3520,0.0010992265993244618,347,0.3396946564885496,"Opticians, dispensing",228616.5576
8750,0.0010982848474271427,348,0.3377862595419847,Jewelers and precious stone and metal workers,245583.1159
8640,0.001095386971633544,349,0.33587786259541985,"Chemical processing machine setters, operators, and tenders",329198.787
6530,0.0010936105523249831,350,0.333969465648855,Structural iron and steel workers,281449.8324
6250,0.0010889790591190776,351,0.33206106870229013,"Cement masons, concrete finishers, and terrazzo workers",315163.5838
9410,0.0010811903261396059,352,0.33015267175572516,Transportation inspectors,235981.58539999998
4621,0.0010810526176825935,353,0.3282442748091603,Exercise trainers and group fitness instructors,1268056.1538
860,0.0010697539960154443,354,0.32633587786259544,Insurance underwriters,662647.0784
1220,0.0010697430315652768,355,0.3244274809160306,Operations research analysts,907353.7223
5230,0.001061708394624183,356,0.3225190839694656,"Credit authorizers, checkers, and clerks",180755.1968
7120,0.0010577324056137692,357,0.32061068702290074,Audiovisual equipment installers and repairers,162056.5817
8920,0.0010396476544626417,358,0.3187022900763359,"Molders, shapers, and casters, except metal and plastic",185961.8576
9510,0.0010239519125785433,359,0.316793893129771,Crane and tower operators,348512.4355
3324,0.0010201362118402977,360,0.31488549618320616,Magnetic resonance imaging technologists,288867.5868
4525,0.001016806071301868,361,0.3129770992366412,Other personal appearance workers,124804.8916
500,0.001015773493560223,362,0.3110687022900763,"Agents and business managers of artists, performers, and athletes",263018.7798
1022,0.0010154451007598287,363,0.30916030534351147,Software quality assurance analysts and testers,462267.1611
1980,0.0010092441996047568,364,0.3072519083969466,Occupational health and safety specialists and technicians,491224.2917
5500,0.0010021283914241864,365,0.30534351145038163,Cargo and freight agents,120117.1052
9630,0.001000740715512339,366,0.30343511450381677,Machine feeders and offbearers,110507.2999
9240,0.0009979516800285972,367,0.3015267175572519,Railroad conductors and yardmasters,272371.2992
6600,0.0009923216949016883,368,0.29961832061068705,"Helpers, construction trades",322293.0058
1610,0.0009868278052668803,369,0.2977099236641222,Biological scientists,601931.3055
1760,0.0009750788584992798,370,0.2958015267175572,"Physical scientists, all other",2342154.6076
7300,0.0009684043556791779,371,0.29389312977099236,Control and valve installers and repairers,150830.5376
8350,0.000952620020303872,372,0.2919847328244275,"Tailors, dressmakers, and sewers",257317.952
1900,0.0009509834701669495,373,0.29007633587786263,Agricultural and food science technicians,225426.6899
1840,0.0009485814707204972,374,0.28816793893129766,Urban and regional planners,239216.5991
7430,0.0009410245576384336,375,0.2862595419847328,Precision instrument and equipment repairers,253953.90720000002
3720,0.0009312850203766956,376,0.28435114503816794,First-line supervisors of firefighting and prevention workers,293047.7058
3100,0.0009200205579085017,377,0.2824427480916031,Surgeons,231079.7397
2180,0.0009058623343728623,378,0.2805343511450382,"Legal support workers, all other",439985.1392
820,0.000895966572922845,379,0.27862595419847325,Budget analysts,302807.6354
3940,0.0008801615042445671,380,0.2767175572519084,Crossing guards and flaggers,174247.03889999999
1420,0.0008758275930453396,381,0.2748091603053435,Environmental engineers,198618.717
1306,0.0008586114578725353,382,0.27290076335877866,Landscape architects,136380.15110000002
4900,0.0008524585776413474,383,0.2709923664122137,"Models, demonstrators, and product promoters",128911.6767
205,0.000828459559393329,384,0.26908396946564883,"Farmers, ranchers, and other agricultural managers",3213776.3263999997
1310,0.0008272507624749975,385,0.26717557251908397,"Surveyors, cartographers, and photogrammetrists",228192.8505
1860,0.0008258273787520642,386,0.2652671755725191,Miscellaneous social scientists and related workers,340616.9869
8620,0.0008134443169104482,387,0.26335877862595425,Water and wastewater treatment plant and system operators,584616.5349
4420,0.0008081329314802134,388,0.2614503816793893,"Ushers, lobby attendants, and ticket takers",104241.1691
8500,0.0007907767612188073,389,0.2595419847328244,Cabinetmakers and bench carpenters,304366.1961
2721,0.0007870844920949788,390,0.25763358778625955,Athletes and sports competitors,183113.66009999998
2632,0.0007782677165190234,391,0.2557251908396947,Fashion designers,172335.5392
4461,0.0007725181504087562,392,0.2538167938931297,"Embalmers, crematory operators and funeral attendants",93874.5043
3646,0.000769069585096818,393,0.25190839694656486,Medical transcriptionists,274914.6092
5920,0.0007585075810073807,394,0.25,Statistical assistants,221193.69799999997
6765,0.0007577643340174193,395,0.24809160305343514,Miscellaneous construction and related workers,192032.3922
9210,0.0007348488770254443,396,0.24618320610687028,Locomotive engineers and operators,284587.9624
2770,0.000733024674338389,397,0.2442748091603053,"Entertainers and performers, sports and related workers, all other",249534.45260000002
4950,0.0007241563480885209,398,0.24236641221374045,"Door-to-door sales workers, news and street vendors, and related workers",544838.5854
6710,0.0007232371669063045,399,0.24045801526717558,Fence erectors,198455.89130000002
7240,0.0007205874811183952,400,0.23854961832061072,Small engine mechanics,264821.1692
8450,0.0007180401953443892,401,0.23664122137404575,Upholsterers,116164.2203
9030,0.000704626304079521,402,0.2347328244274809,Aircraft pilots and flight engineers,986182.2973
3040,0.0006811209970828156,403,0.23282442748091603,Optometrists,229020.07510000002
1460,0.0006713143069069578,404,0.23091603053435117,Mechanical engineers,2324306.1576
1920,0.0006679188905750461,405,0.2290076335877863,Chemical technicians,296224.3779
2005,0.0006662582330704212,406,0.22709923664122134,Rehabilitation counselors,115188.6085
900,0.0006632417909427741,407,0.22519083969465647,Financial examiners,92584.8623
7905,0.000663111800025339,408,0.22328244274809161,Computer numerically controlled tool operators and programmers,480037.39749999996
1400,0.0006598743248711545,409,0.22137404580152675,Computer hardware engineers,492208.0202
6120,0.0006594489423789202,410,0.21946564885496178,Forest and conservation workers,99157.9374
2003,0.0006584775181373082,411,0.21755725190839692,Marriage and family therapists,196044.1031
3840,0.000656928841381968,412,0.21564885496183206,Parking enforcement workers,121599.3214
9415,0.0006523830743984711,413,0.2137404580152672,Passenger attendants,131880.9816
7510,0.0006522132018671289,414,0.21183206106870234,"Coin, vending, and amusement machine servicers and repairers",171260.00759999998
5530,0.0006503619340850109,415,0.20992366412213737,"Meter readers, utilities",126957.86720000001
8555,0.0006444899016942906,416,0.2080152671755725,Other woodworkers,118358.3059
7950,0.0006405115179672159,417,0.20610687022900764,"Cutting, punching, and press machine setters, operators, and tenders, metal and plastic",401943.3583
8100,0.000634511911703245,418,0.20419847328244278,"Molders and molding machine setters, operators, and tenders, metal and plastic",153414.9333
3700,0.0006290075022024809,419,0.2022900763358778,First-line supervisors of correctional officers,317227.0009
6720,0.0006222836511696431,420,0.20038167938931295,Hazardous materials removal workers,157730.2327
7610,0.0006100012456259682,421,0.1984732824427481,"Helpers--installation, maintenance, and repair workers",122029.698
135,0.0005975843523961485,422,0.19656488549618323,Compensation and benefits managers,78794.1618
1821,0.000587198713622651,423,0.19465648854961837,Clinical and counseling psychologists,96872.4844
830,0.0005743666256366585,424,0.1927480916030534,Credit analysts,189465.68050000002
8510,0.0005719838518435961,425,0.19083969465648853,Furniture finishers,69084.7647
1750,0.0005705419680717485,426,0.18893129770992367,"Geoscientists and hydrologists, except geographers",214367.9679
8600,0.0005606458919962815,427,0.1870229007633588,"Power plant operators, distributors, and dispatchers",236400.7255
7740,0.0005580240122582849,428,0.18511450381679384,Structural metal fabricators and fitters,134391.73630000002
6700,0.0005543018274356699,429,0.18320610687022898,Elevator and escalator installers and repairers,242825.6355
3946,0.0005414123386812289,430,0.18129770992366412,School bus monitors,192965.919
8000,0.0005341679120825036,431,0.17938931297709926,"Grinding, lapping, polishing, and buffing machine tool setters, operators, and tenders, metal and plastic",214469.9681
6005,0.0005225382125571492,432,0.1774809160305344,"First-line supervisors of farming, fishing, and forestry workers",237654.1713
1640,0.0005179029375283614,433,0.17557251908396942,Conservation scientists and foresters,151634.251
8630,0.0005157216300620197,434,0.17366412213740456,Miscellaneous plant and system operators,246648.2853
5020,0.0005146763424376971,435,0.1717557251908397,Telephone operators,87177.9002
2105,0.0005111459485748781,436,0.16984732824427484,Judicial law clerks,121878.8743
2755,0.0005106155341706443,437,0.16793893129770987,"Disc jockeys, except radio",120432.3648
6460,0.0005035664533446593,438,0.166030534351145,Plasterers and stucco masons,139505.0728
3945,0.0004949339742137716,439,0.16412213740458015,Transportation security screeners,273321.692
3140,0.0004947305847604381,440,0.1622137404580153,Audiologists,88063.4316
7040,0.000494290139207996,441,0.16030534351145043,"Electric motor, power tool, and related repairers",138562.4938
8250,0.0004935063479408626,442,0.15839694656488545,Prepress technicians and workers,90381.6257
7160,0.0004920960549605235,443,0.1564885496183206,Automotive glass installers and repairers,122725.43830000001
9570,0.00049058534890571,444,0.15458015267175573,"Conveyor, dredge, and hoist and winch operators",182616.653
5340,0.00048417554293651697,445,0.15267175572519087,New accounts clerks,72890.9938
8930,0.000475716895580235,446,0.1507633587786259,"Paper goods machine setters, operators, and tenders",80446.64839999999
1350,0.00047024697477318324,447,0.14885496183206104,Chemical engineers,440959.9695
3200,0.00046788034697964846,448,0.14694656488549618,Radiation therapists,62002.099
510,0.0004639746830231515,449,0.14503816793893132,"Buyers and purchasing agents, farm products",57888.140900000006
1910,0.00046248930214925696,450,0.14312977099236646,Biological technicians,148465.8826
7100,0.00046162955226437905,451,0.14122137404580148,"Electrical and electronics repairers, industrial and utility",92797.0345
7140,0.0004577074207204643,452,0.13931297709923662,Aircraft mechanics and service technicians,940230.2164
8465,0.0004576762120431717,453,0.13740458015267176,"Other textile, apparel, and furnishings workers",87158.95820000001
1450,0.00045443663577152864,454,0.1354961832061069,Materials engineers,321621.8229
3801,0.00045077307184231315,455,0.13358778625954193,Bailiffs,95934.71729999999
2862,0.00045033498521354485,456,0.13167938931297707,Court reporters and simultaneous captioners,132555.41
6130,0.0004344300850365157,457,0.1297709923664122,Logging workers,284064.8555
7925,0.00043406927078758694,458,0.12786259541984735,"Forming machine setters, operators, and tenders, metal and plastic",132358.9308
1935,0.0004325304283266936,459,0.12595419847328249,Environmental  science and geoscience technicians,114361.6694
3256,0.0004295937417490502,460,0.12404580152671751,Nurse anesthetists,173360.2364
6825,0.0004288141576589799,461,0.12213740458015265,"Earth drillers, except oil and gas",178286.12649999998
1200,0.00042876562925581944,462,0.12022900763358779,Actuaries,197840.8105
5820,0.00042692696353209385,463,0.11832061068702293,Word processors and typists,284203.8109
9265,0.0004158566616861969,464,0.11641221374045807,Other rail transportation workers,81726.8059
4160,0.00040261305672580636,465,0.1145038167938931,"Food preparation and serving related workers, all other",27906.048899999998
425,0.00039740104169712625,466,0.11259541984732824,Emergency management directors,73672.6406
4940,0.00039722014545783517,467,0.11068702290076338,Telemarketers,188772.3264
8310,0.0003947717199318312,468,0.10877862595419852,"Pressers, textile, garment, and related materials",117976.3369
3120,0.00038053055987846473,469,0.10687022900763354,Podiatrists,35213.9096
3270,0.00037959687357286726,470,0.10496183206106868,"Healthcare diagnosing or treating practitioners, all other",77055.8508
8530,0.0003783352047580426,471,0.10305343511450382,"Sawing machine setters, operators, and tenders, wood",115813.1284
3261,0.00037583559735983703,472,0.10114503816793896,Acupuncturists,142520.7389
7540,0.00037201729486500664,473,0.0992366412213741,Locksmiths and safe repairers,167155.6476
6540,0.0003542437404330234,474,0.09732824427480913,Solar photovoltaic installers,130509.3226
7350,0.0003505155805259497,475,0.09541984732824427,"Maintenance workers, machinery",174138.9913
7830,0.0003484463676185381,476,0.0935114503816794,"Food and tobacco roasting, baking, and drying machine operators and tenders",57885.6386
1600,0.0003454120150098734,477,0.09160305343511455,Agricultural and food scientists,158681.8358
1800,0.0003446854080343071,478,0.08969465648854957,Economists,163857.9537
4255,0.00033795913358509967,479,0.08778625954198471,Other grounds maintenance workers,99976.47409999999
8720,0.0003368607278315808,480,0.08587786259541985,"Extruding, forming, pressing, and compacting machine setters, operators, and tenders",112583.2547
9110,0.0003254610100494944,481,0.08396946564885499,"Ambulance drivers and attendants, except emergency medical technicians",65790.7617
8256,0.0003037677214551746,482,0.08206106870229013,Print binding and finishing workers,64162.426499999994
2700,0.0003022105069141373,483,0.08015267175572516,Actors,245526.609
6010,0.00029883874332861155,484,0.0782442748091603,Agricultural inspectors,81642.3475
6950,0.00029627888237594225,485,0.07633587786259544,Other extraction workers,267069.8448
2723,0.0002895493107929318,486,0.07442748091603058,"Umpires, referees, and other sports officials",130949.80010000001
9310,0.00028645430943218284,487,0.0725190839694656,Ship and boat captains and operators,200804.32650000002
2631,0.0002817149795685614,488,0.07061068702290074,Commercial and industrial designers,80847.9647
8335,0.00027338659523704284,489,0.06870229007633588,Shoe and leather workers,78801.5084
5010,0.0002707939981569019,490,0.06679389312977102,"Switchboard operators, including answering service",43167.1897
3210,0.00026910504005490547,491,0.06488549618320616,Recreational therapists,65895.3361
8130,0.000264030214588299,492,0.06297709923664119,Tool and die makers,211911.5868
9300,0.00025943672861794515,493,0.06106870229007633,Sailors and marine oilers,138378.0275
6210,0.00025596675864910377,494,0.059160305343511466,Boilermakers,102348.5129
1320,0.00025326913157407155,495,0.057251908396946605,Aerospace engineers,926221.7112
8850,0.00025262242599055,496,0.05534351145038163,Adhesive bonding machine operators and tenders,51352.429000000004
1710,0.00025231996146691426,497,0.05343511450381677,Atmospheric and space scientists,57994.961299999995
6040,0.00024484709110086716,498,0.05152671755725191,"Graders and sorters, agricultural products",233234.3008
1340,0.00023723925686937954,499,0.04961832061068705,Bioengineers and biomedical engineers,177842.05310000002
1005,0.00022981109876085714,500,0.04770992366412219,Computer and information research scientists,229746.9738
8910,0.0002273716237602733,501,0.04580152671755722,Etchers and engravers,22012.581599999998
8540,0.00022439039885904858,502,0.043893129770992356,"Woodworking machine setters, operators, and tenders, except sawing",93360.52249999999
9650,0.00022264887633035644,503,0.041984732824427495,Pumping station operators,85735.1902
8040,0.00021826034814777183,504,0.040076335877862634,"Metal furnace operators, tenders, pourers, and casters",94990.00899999999
1700,0.00021542810809473275,505,0.03816793893129766,Astronomers and physicists,118997.2227
6850,0.00021314606784099012,506,0.0362595419847328,Underground mining machine operators,211737.2241
8730,0.0002105262726646785,507,0.03435114503816794,"Furnace, kiln, oven, drier, and kettle operators and tenders",57746.2113
8365,0.00020933991634087567,508,0.03244274809160308,"Textile machine setters, operators, and tenders",143224.983
7850,0.00020597803825772948,509,0.03053435114503822,Food cooking machine operators and tenders,74995.4295
7030,0.00019680420803759103,510,0.028625954198473247,Avionics technicians,39777.8504
7730,0.00019478581576405535,511,0.026717557251908386,Engine and other machine assemblers,31715.242000000002
7560,0.00019220676160571713,512,0.024809160305343525,Riggers,69245.0037
7360,0.00017228231742991967,513,0.022900763358778664,Millwrights,273399.8136
6740,0.00016593761885063847,514,0.020992366412213692,Rail-track laying and maintenance equipment operators,72125.16709999999
8025,0.0001570423164572208,515,0.01908396946564883,"Other machine tool setters, operators, and tenders, metal and plastic",39987.792
5040,0.00014551703218897556,516,0.01717557251908397,"Communications equipment operators, all other",10996.0566
2740,0.00014212125166841095,517,0.01526717557251911,Dancers and choreographers,61623.1477
6800,0.00013578782699054105,518,0.013358778625954248,"Derrick, rotary drill, and service unit operators, oil and gas",152817.6757
8940,0.00013206154938266945,519,0.011450381679389277,Tire builders,32026.256
3900,0.00011390834413458497,520,0.009541984732824416,Animal control workers,41735.82
1520,0.00010014864062773531,521,0.007633587786259555,Petroleum engineers,169645.4997
6835,9.240207054671346e-05,522,0.005725190839694694,"Explosives workers, ordnance handling experts, and blasters",77806.57949999999
1440,9.170126078061635e-05,523,0.003816793893129722,Marine engineers and naval architects,59095.3094
6115,8.999474985159658e-05,524,0.001908396946564861,Fishing and hunting workers,144573.8704
5910,7.407216948360604e-05,525,0.0,Proofreaders and copy markers,43296.009099999996
