occ,portability,weighted_employment,portability_per_million,occ_title,rank,percentile,rank_per_worker,percentile_per_worker
4720,8.889996946226857,13500837.07,0.6584774632960485,Cashiers,1,100.0,62,88.38095238095238
440,8.687978784554204,29149695.1166,0.29804698641964955,"Managers, all other",2,99.80952380952381,247,53.14285714285714
4760,8.22938315215261,13976075.1649,0.5888193255299721,Retail salespersons,3,99.61904761904762,80,84.95238095238096
5240,6.911444168582424,14771543.1791,0.46788910845559495,Customer service representatives,4,99.42857142857143,126,76.19047619047619
9620,5.668152677230772,12147148.817499999,0.46662412409608833,"Laborers and freight, stock, and material movers, hand",5,99.23809523809524,127,76.0
5400,5.247664526149656,6577331.8289,0.7978409273943049,Receptionists and information clerks,6,99.04761904761905,38,92.95238095238095
9645,5.01976469444032,9205534.6442,0.5452985501068154,Stockers and order fillers,7,98.85714285714286,90,83.04761904761905
4110,4.451580033829046,9556688.739500001,0.465807787108273,Waiters and waitresses,8,98.66666666666667,129,75.61904761904762
9130,4.34826992883684,18616476.9733,0.23357104220488048,Driver/sales workers and truck drivers,9,98.47619047619047,315,40.19047619047619
5860,4.053189436719939,6633077.8964,0.6110571140615949,"Office clerks, general",10,98.28571428571429,73,86.28571428571429
4020,3.8574070956999575,11038354.1105,0.349454914843752,Cooks,11,98.09523809523809,208,60.57142857142856
4700,3.2933691769044073,16840281.3127,0.19556497399011574,First-Line supervisors of retail sales workers,12,97.90476190476191,347,34.0952380952381
5740,3.096925515066828,10288623.4475,0.3010048458736567,"Secretaries and administrative assistants, except legal, medical, and executive",13,97.71428571428571,242,54.095238095238095
2310,2.859860500553602,20157935.349799998,0.1418726893864146,Elementary and middle school teachers,14,97.52380952380952,428,18.666666666666664
4850,2.839583168918449,6313761.7074,0.4497450649096142,"Sales representatives, wholesale and manufacturing",15,97.33333333333334,138,73.90476190476191
4220,2.66134875731047,11761697.784,0.22627249961572982,Janitors and building cleaners,16,97.14285714285714,323,38.66666666666667
310,2.581745558814478,6425960.8638,0.4017680178163674,Food service managers,17,96.95238095238096,167,68.38095238095238
4710,2.534066060842145,6286646.6535,0.40308708290950945,First-Line supervisors of non-retail sales workers,18,96.76190476190476,165,68.76190476190476
5510,2.4526636663748773,4334240.2911,0.5658808699211294,Couriers and messengers,19,96.57142857142857,84,84.19047619047619
5120,2.2528811509743316,6006470.7616,0.37507568760298277,"Bookkeeping, accounting, and auditing clerks",20,96.38095238095238,187,64.57142857142857
4055,2.112318229507506,4324560.4074,0.4884469241990466,Fast food and counter workers,21,96.19047619047619,117,77.9047619047619
120,2.034977709360017,8094297.2013,0.2514088201546622,Financial managers,22,96.0,290,44.952380952380956
2320,1.9787345796620206,5472042.7893,0.36160802388666013,Secondary school teachers,23,95.80952380952381,202,61.71428571428572
4030,1.973448412335405,4947336.0956,0.3988911151782322,Food preparation workers,24,95.61904761904762,170,67.80952380952381
20,1.9126549374099278,6958987.9362,0.27484670974359315,General and operations managers,25,95.42857142857143,266,49.523809523809526
4600,1.905289229257713,5356862.6872,0.35567259056505635,Childcare workers,26,95.23809523809523,205,61.142857142857146
2360,1.8189963883480393,4431803.0868999995,0.4104416086817631,Other teachers and instructors,27,95.04761904761905,162,69.33333333333334
5000,1.7801362996118677,7114112.1174,0.25022606760131516,First-Line supervisors of office and administrative support workers,28,94.85714285714286,293,44.38095238095238
630,1.6647823943342666,5306350.4353,0.31373397114134366,Human resources workers,29,94.66666666666667,237,55.047619047619044
4230,1.663097113939517,7032501.354499999,0.23648727957589716,Maids and housekeeping cleaners,30,94.47619047619048,310,41.142857142857146
5110,1.6141745808565484,2479438.9256,0.6510241346097823,Billing and posting clerks,31,94.28571428571428,65,87.80952380952381
5810,1.603411319055682,1321212.2156,1.2135910492831217,Data entry keyers,32,94.0952380952381,6,99.04761904761905
4840,1.5716391263482485,3410093.9732,0.4608785384507857,"Sales representatives of services, except advertising, insurance, financial services, and travel",33,93.9047619047619,133,74.85714285714286
230,1.5476667881040709,5523774.8343,0.2801828160144762,Education and childcare administrators,34,93.71428571428572,260,50.66666666666666
2545,1.4962187076095959,7902803.879000001,0.18932757670799283,Teaching assistants,35,93.52380952380952,357,32.19047619047619
750,1.4478779270166526,2712387.4655,0.5338020269717445,"Business operations specialists, all other",36,93.33333333333333,93,82.47619047619048
4810,1.3887520190985705,3259456.3489,0.42606860483566406,Insurance sales agents,37,93.14285714285714,154,70.85714285714286
3603,1.3844506067731215,7446472.6602,0.18592032361479688,Nursing assistants,38,92.95238095238095,364,30.85714285714286
4010,1.3608089017085976,2922809.3868,0.4655825001295968,First-line supervisors of food preparation and serving workers,39,92.76190476190476,130,75.42857142857142
3602,1.3327137873947852,7842307.2763,0.16993899122294523,Personal care aides,40,92.57142857142857,383,27.23809523809524
5610,1.3311182988814918,3412713.4091,0.3900469038308535,"Shipping, receiving, and inventory clerks",41,92.38095238095238,178,66.28571428571428
10,1.3065829260940627,8858392.9719,0.14749660917490537,Chief executives,42,92.19047619047619,418,20.571428571428573
800,1.2758462804076012,9327361.389,0.13678533801769918,Accountants and auditors,43,92.0,432,17.9047619047619
4150,1.2493699016543132,1500385.2212999999,0.8326994187344794,"Hosts and hostesses, restaurant, lounge, and coffee shop",44,91.80952380952381,32,94.0952380952381
2300,1.227209656507972,3745091.5878,0.32768481831144713,Preschool and kindergarten teachers,45,91.61904761904762,229,56.57142857142857
8740,1.171895597699445,4381075.3003,0.2674904030111507,"Inspectors, testers, sorters, samplers, and weighers",46,91.42857142857143,276,47.61904761904761
410,1.1324393426551693,4042052.8441,0.2801644081195374,"Property, real estate, and community association managers",47,91.23809523809524,261,50.476190476190474
4920,1.1251481842284285,5406297.239,0.20811807684413344,Real estate brokers and sales agents,48,91.04761904761904,337,36.0
5710,1.1001219235023663,1326680.3371000001,0.829229086116653,Executive secretaries and executive administrative assistants,49,90.85714285714286,33,93.9047619047619
6260,1.0991456831163007,11862736.7231,0.09265532134553427,Construction laborers,50,90.66666666666666,478,9.142857142857142
6410,1.0934385862215852,2816897.0385,0.38817130029141644,Painters and paperhangers,51,90.47619047619048,179,66.0952380952381
160,1.056442297574282,2018152.5839,0.5234699823998189,"Transportation, storage, and distribution managers",52,90.28571428571428,100,81.14285714285714
5160,1.0263354539904366,1323707.0256999999,0.7753494044104602,Tellers,53,90.0952380952381,47,91.23809523809524
705,1.016063347520799,4858456.9706999995,0.20913293122660012,Project management specialists,54,89.90476190476191,336,36.1904761904762
5600,1.0093841743519796,1254049.4732,0.804899803335749,"Production, planning, and expediting clerks",55,89.71428571428571,36,93.33333333333333
8990,0.9994188442226373,6844332.9998,0.14602136457297468,Other production workers,56,89.52380952380953,422,19.80952380952381
4040,0.9722048947792314,2228643.0643,0.43623176378160566,Bartenders,57,89.33333333333333,146,72.38095238095238
565,0.9609437416568903,1743940.366,0.551018693294522,Compliance officers,58,89.14285714285714,86,83.80952380952381
52,0.939361294313079,3198175.4513999997,0.29371787401528393,Sales managers,59,88.95238095238095,251,52.38095238095239
4251,0.9290222837180799,5460851.7521,0.1701240623059982,Landscaping and groundskeeping workers,60,88.76190476190476,382,27.428571428571423
3160,0.9270134752991657,1774899.8,0.522290596516584,Physical therapists,61,88.57142857142857,101,80.95238095238095
4120,0.9232915222740978,1086990.3311,0.8494017801793653,"Food servers, nonrestaurant",62,88.38095238095238,30,94.47619047619048
710,0.9142615424177647,5544794.0581,0.1648864742022626,Management analysts,63,88.19047619047619,392,25.523809523809526
110,0.9054174477420597,4130294.0414,0.21921379898540114,Computer and information systems managers,64,88.0,330,37.33333333333333
3645,0.9011953016013899,3444699.5074,0.2616179726752412,Medical assistants,65,87.80952380952381,282,46.47619047619047
4350,0.8876573544121775,1618116.5775000001,0.5485744146961361,Animal caretakers,66,87.61904761904762,88,83.42857142857143
5840,0.8857958144338042,1511866.6492,0.585895465650043,Insurance claims and policy processing clerks,67,87.42857142857143,81,84.76190476190476
3090,0.884856364146763,4815208.1555,0.18376284795415695,Other physicians,68,87.23809523809524,369,29.9047619047619
910,0.8677836560301794,2187662.1892,0.3966716892188536,Credit counselors and loan officers,69,87.04761904761905,174,67.04761904761905
2330,0.8657605783073504,2086666.8141,0.4149012062957264,Special education teachers,70,86.85714285714286,158,70.0952380952381
2145,0.8622414081474279,2280492.8068,0.3780943336354259,Paralegals and legal assistants,71,86.66666666666667,184,65.14285714285715
2002,0.8499589936184591,2009963.2789,0.4228728965056611,"Educational, guidance, and career counselors and advisors",72,86.47619047619047,156,70.47619047619047
3500,0.8488066249738458,3143605.5179000003,0.2700105404894657,Licensed practical and licensed vocational nurses,73,86.28571428571429,272,48.38095238095238
2205,0.8401022152922196,5693962.5991,0.1475426297013275,Postsecondary teachers,74,86.09523809523809,417,20.76190476190476
5420,0.8358909964230504,570394.4296,1.4654613597984028,"Information and record clerks, all other",75,85.90476190476191,3,99.61904761904762
4510,0.8172314201488415,3814053.562,0.21426846971711236,"Hairdressers, hairstylists, and cosmetologists",76,85.71428571428572,332,36.95238095238095
3421,0.8102021134168808,2147192.8382,0.3773308568298301,Pharmacy technicians,77,85.52380952380952,185,64.95238095238095
7200,0.8032990898964204,4850593.0763,0.16560842710581933,Automotive service technicians and mechanics,78,85.33333333333333,390,25.90476190476191
735,0.801830520843035,2615314.5456999997,0.3065904719420362,Market research analysts and marketing specialists,79,85.14285714285714,240,54.47619047619048
520,0.7932097981450358,994934.6166,0.7972481657696057,"Wholesale and retail buyers, except farm products",80,84.95238095238096,39,92.76190476190476
3655,0.7928030742177397,1099551.1215000001,0.7210242968386983,Other healthcare support workers,81,84.76190476190476,55,89.71428571428571
5522,0.7791368872849556,1073051.9514000001,0.726094283010644,"Dispatchers, except police, fire, and ambulance",82,84.57142857142857,54,89.90476190476191
2555,0.7766975190933852,1015463.7055,0.7648697977944473,Other educational instruction and library workers,83,84.38095238095238,48,91.04761904761904
4130,0.7754105308826947,1421462.803,0.5455018092954591,Dining room and cafeteria attendants and bartender helpers,84,84.19047619047619,89,83.23809523809524
540,0.7698520351622353,1890320.4147,0.4072600756863822,"Claims adjusters, appraisers, examiners, and investigators",85,84.0,163,69.14285714285715
4435,0.7585411209677381,975685.4295,0.7774443463365649,Other entertainment attendants and related workers,86,83.80952380952381,46,91.42857142857143
3515,0.7312612129296184,1127235.9008,0.6487206559076427,Medical records specialists,87,83.61904761904762,67,87.42857142857143
5165,0.7304358310214628,729188.5529,1.0017105015108951,"Financial clerks, all other",88,83.42857142857143,15,97.33333333333334
9600,0.7291904525409774,3314603.5901,0.21999326094948748,Industrial truck and tractor operators,89,83.23809523809524,328,37.71428571428571
6230,0.7118487995829106,6985451.6537999995,0.10190447731402931,Carpenters,90,83.04761904761905,468,11.047619047619051
1108,0.7036836713034864,5950633.8785,0.11825356519511948,"Computer occupations, all other",91,82.85714285714285,454,13.714285714285712
5140,0.6968837350317415,749306.6849,0.9300380592824222,Payroll and timekeeping clerks,92,82.66666666666667,19,96.57142857142857
9640,0.6962768357574279,3724143.8251,0.18696292851652466,"Packers and packagers, hand",93,82.47619047619048,363,31.047619047619047
51,0.6958699231597782,3297618.5672,0.2110219568998363,Marketing managers,94,82.28571428571428,334,36.57142857142858
350,0.6937410011174939,4482834.9969,0.1547549712619881,Medical and health services managers,95,82.0952380952381,407,22.666666666666668
7750,0.6919600858738448,5393965.8725000005,0.1282841052817293,Other assemblers and fabricators,96,81.9047619047619,443,15.809523809523807
5260,0.6911106065943541,887999.7881,0.7782778958462164,File clerks,97,81.71428571428572,45,91.61904761904762
5310,0.6813326763412366,908627.9005,0.7498478485706995,"Interviewers, except eligibility and loan",98,81.52380952380952,52,90.28571428571428
530,0.6791828972186105,1545019.1505,0.43959513187834137,"Purchasing agents, except wholesale, retail, and farm products",99,81.33333333333333,142,73.14285714285714
850,0.6734678451655846,2731306.5525,0.24657351059665958,Personal financial advisors,100,81.14285714285714,298,43.42857142857143
3640,0.6664409546745423,1671042.2395,0.39881753968945227,Dental assistants,101,80.95238095238095,171,67.61904761904762
2100,0.6611460392580326,6131503.6833999995,0.10782771623345393,Lawyers,102,80.76190476190477,464,11.809523809523814
420,0.6587817563598076,2530707.626,0.2603152373634992,Social and community service managers,103,80.57142857142857,284,46.0952380952381
5320,0.6457202362551111,365441.6115,1.766958704031194,"Library assistants, clerical",104,80.38095238095238,1,100.0
5940,0.6430106660538769,3475887.492,0.18499179491102954,"Office and administrative support workers, all other",105,80.19047619047619,367,30.28571428571428
2014,0.6257955046816628,3724115.0245000003,0.16803871539002266,"Social workers, all other",106,80.0,388,26.285714285714292
9005,0.6250476443712435,1808035.0082,0.3457054988075222,Supervisors of transportation and material moving workers,107,79.80952380952381,214,59.42857142857143
3255,0.6164721099939808,19085648.5968,0.032300296574534114,Registered nurses,108,79.61904761904762,516,1.904761904761909
2722,0.6086208284412123,1632363.956,0.3728462799023065,Coaches and scouts,109,79.42857142857143,191,63.8095238095238
7800,0.6070265185222414,1202489.037,0.5048083598638591,Bakers,110,79.23809523809524,110,79.23809523809524
2016,0.5935386766155989,1277231.2587000001,0.4647072897508931,Social and human service assistants,111,79.04761904761905,131,75.23809523809524
4200,0.5913390636522688,1767804.6598,0.3345047544558287,First-line supervisors of housekeeping and janitorial workers,112,78.85714285714286,220,58.285714285714285
5540,0.5787435306237391,548883.806,1.0544008117880947,Postal service clerks,113,78.66666666666666,13,97.71428571428571
2435,0.577925466511691,974682.7032999999,0.5929370292044773,Librarians and media collections specialists,114,78.47619047619048,79,85.14285714285714
5330,0.5764908827638858,667418.0592,0.8637627867829888,Loan interviewers and clerks,115,78.28571428571429,27,95.04761904761905
4965,0.560485398339491,1968575.7902,0.2847161898107808,"Sales and related workers, all other",116,78.0952380952381,256,51.42857142857142
845,0.5555489221951956,2155923.4442,0.2576849023511331,Financial and investment analysts,117,77.9047619047619,287,45.52380952380952
3545,0.5413724755842286,811987.3171,0.6667252852147149,Miscellaneous health technologists and technicians,118,77.71428571428571,60,88.76190476190476
8140,0.5329009878823238,3080217.7179,0.17300757176529707,"Welding, soldering, and brazing workers",119,77.52380952380953,380,27.809523809523807
9610,0.5078277326649839,2021490.2858,0.25121453030579977,Cleaners of vehicles and equipment,120,77.33333333333333,291,44.76190476190476
4521,0.503731483455282,1477884.8111999999,0.3408462416270904,Manicurists and pedicurists,121,77.14285714285715,217,58.857142857142854
3960,0.49863320296692765,657606.9834,0.7582541176628989,Other protective service workers,122,76.95238095238095,49,90.85714285714286
5300,0.4964689873010174,527451.0674,0.9412607500223581,"Hotel, motel, and resort desk clerks",123,76.76190476190476,17,96.95238095238096
2025,0.4928201769734831,566454.4906,0.8700084210674683,Other community and social service specialists,124,76.57142857142857,25,95.42857142857143
7810,0.4923591456823999,1348137.4108,0.36521436297078086,"Butchers and other meat, poultry, and fish processing workers",125,76.38095238095238,195,63.047619047619044
1006,0.49207881962506256,3104495.7157,0.1585052339214161,Computer systems analysts,126,76.19047619047619,406,22.857142857142854
7340,0.4880237947710497,3651144.9961,0.13366321942632686,"Maintenance and repair workers, general",127,76.0,439,16.57142857142857
4740,0.4767971530482275,393402.8896,1.211981827416215,Counter and rental clerks,128,75.80952380952381,7,98.85714285714286
4622,0.47606181609378956,732277.7334,0.6501110089520434,Recreation workers,129,75.61904761904762,66,87.61904761904762
3930,0.47440934798119483,4802309.8071,0.09878774319803396,Security guards and gambling surveillance officers,130,75.42857142857142,471,10.476190476190473
3401,0.4702622124274074,951039.9638,0.49447155779701985,Emergency medical technicians,131,75.23809523809524,115,78.28571428571429
5550,0.47000201421717364,1783899.5345,0.26346888102580734,Postal service mail carriers,132,75.04761904761905,281,46.666666666666664
3050,0.4697086234871932,1981797.4355,0.23701141956957247,Pharmacists,133,74.85714285714286,308,41.52380952380952
136,0.461438846892484,1674600.2354000001,0.2755516433940207,Human resources managers,134,74.66666666666666,264,49.904761904761905
3310,0.45933216758938056,1260645.1912,0.3643627650315671,Dental hygienists,135,74.47619047619047,197,62.66666666666667
4820,0.4539192584521681,1249151.2482,0.36338214376061817,"Securities, commodities, and financial services sales agents",136,74.28571428571429,200,62.095238095238095
6200,0.45342563718772694,3890227.5707,0.11655504181883591,First-line supervisors of construction trades and extraction workers,137,74.0952380952381,456,13.33333333333333
725,0.4485996065650001,918556.521,0.48837452710762497,"Meeting, convention, and event planners",138,73.90476190476191,118,77.71428571428571
700,0.44631557661178595,1031229.0267,0.43279966433841066,Logisticians,139,73.71428571428571,150,71.61904761904762
150,0.44578322358983036,1310881.4195,0.3400637288457885,Purchasing managers,140,73.52380952380952,218,58.666666666666664
2350,0.4427991336320534,928641.3086,0.4768247218073984,Tutors,141,73.33333333333334,121,77.14285714285715
650,0.4406655004361948,932320.5545999999,0.4726544944890297,Training and development specialists,142,73.14285714285714,123,76.76190476190476
4750,0.4252930800362685,710865.7021,0.598274862298028,Parts salespersons,143,72.95238095238095,76,85.71428571428572
2634,0.42430898166074926,1623028.7318,0.26143035754528793,Graphic designers,144,72.76190476190476,283,46.285714285714285
2640,0.42421232751541715,2094389.9282,0.20254696692511392,Other designers,145,72.57142857142857,338,35.80952380952381
3550,0.41881856822579344,561506.4724,0.7458837766119994,Other healthcare practitioners and technical occupations,146,72.38095238095238,53,90.0952380952381
5350,0.41680249488406435,684603.2054999999,0.608823463775126,Order clerks,147,72.19047619047618,74,86.09523809523809
4655,0.41606489155834775,718900.5645999999,0.5787516550217879,"Personal care and service workers, all other",148,72.0,82,84.57142857142857
2825,0.4096910926134944,720679.7773,0.5684786857047479,Public relations specialists,149,71.80952380952381,83,84.38095238095238
1050,0.40821723586456227,3957470.7133,0.10315104404756639,Computer support specialists,150,71.61904761904762,466,11.428571428571432
8300,0.4074879591684875,636334.6936,0.640367346408798,Laundry and dry-cleaning workers,151,71.42857142857143,69,87.04761904761905
5220,0.40702987576267485,470998.5726,0.8641849454358089,"Court, municipal, and license clerks",152,71.23809523809524,26,95.23809523809523
600,0.4066822079900478,764347.9839,0.5320642123172712,Cost estimators,153,71.04761904761905,94,82.28571428571428
3323,0.4026953188396587,1491502.1067,0.2699931277540305,Radiologic technologists and technicians,154,70.85714285714286,273,48.1904761904762
960,0.4007505317218803,530803.5774000001,0.7549883775931768,Other financial specialists,155,70.66666666666667,51,90.47619047619048
102,0.395397133864932,753070.1113,0.5250469085572538,Facilities managers,156,70.47619047619047,97,81.71428571428572
101,0.39143901809167647,410077.6323,0.9545485714405215,Administrative services managers,157,70.28571428571428,16,97.14285714285714
3110,0.3868908970128513,916095.7143,0.42232584540413376,Physician assistants,158,70.0952380952381,157,70.28571428571428
5360,0.38280998515735415,369557.0296,1.0358617330908273,"Human resources assistants, except payroll and timekeeping",159,69.9047619047619,14,97.52380952380952
3910,0.3767534562827134,632938.6987000001,0.5952447797180541,Private detectives and investigators,160,69.71428571428571,77,85.52380952380952
726,0.3762508517192715,533572.9639,0.7051535163423063,Fundraisers,161,69.52380952380952,57,89.33333333333333
3300,0.3734471854370197,1960963.2454,0.1904406858787623,Clinical laboratory technologists and technicians,162,69.33333333333334,355,32.57142857142858
1970,0.3648021695218021,1738436.574,0.20984496931195035,"Other life, physical, and social science technicians",163,69.14285714285715,335,36.38095238095238
5100,0.36283060451982535,561604.7604,0.6460604149106591,Bill and account collectors,164,68.95238095238095,68,87.23809523809524
4621,0.35990105149457535,1268056.1538,0.28382106771538096,Exercise trainers and group fitness instructors,165,68.76190476190476,258,51.04761904761905
1010,0.35876369254854507,2364149.5987,0.15175168811052495,Computer programmers,166,68.57142857142857,410,22.09523809523809
60,0.358686526668877,693558.1085999999,0.5171686729939805,Public relations and fundraising managers,167,68.38095238095238,105,80.19047619047619
3870,0.35762483407951867,3920655.0377,0.09121558276377063,Police officers,168,68.19047619047619,481,8.571428571428575
8810,0.3563257853023454,886757.1240000001,0.4018301918963161,Painting workers,169,68.0,166,68.57142857142857
3424,0.3539927065820743,762830.0228,0.46405188049983803,Veterinary technologists and technicians,170,67.80952380952381,132,75.04761904761905
220,0.352730575766334,5720339.8065,0.061662521405726214,Construction managers,171,67.61904761904762,503,4.380952380952385
2006,0.34956662130846944,1406231.5614999998,0.2485839678748168,"Counselors, all other",172,67.42857142857143,296,43.80952380952381
5730,0.34913939112741266,394679.5922,0.8846147559372406,Medical secretaries and administrative assistants,173,67.23809523809523,22,96.0
9150,0.34912450811699625,910737.0208,0.3833428312931893,"Motor vehicle operators, all other",174,67.04761904761905,181,65.71428571428571
4140,0.34878815812166736,1281825.4832000001,0.2721026869047249,Dishwashers,175,66.85714285714286,271,48.57142857142858
7700,0.34426773951126005,4219399.6269,0.08159164098049518,First-line supervisors of production and operating workers,176,66.66666666666667,487,7.428571428571429
3245,0.34339089294240577,1592510.2524,0.21562868585925704,"Therapists, all other",177,66.47619047619048,331,37.142857142857146
4000,0.34269475326561016,2628441.3504999997,0.13037945594655193,Chefs and head cooks,178,66.28571428571428,442,16.000000000000004
9121,0.33939270039511615,1166788.8057,0.2908775767620618,"Bus drivers, school",179,66.0952380952381,253,52.0
1021,0.33712881700596387,11959067.176800001,0.028190226881572928,Software developers,180,65.90476190476191,519,1.3333333333333308
4800,0.3368997018909001,769015.8215999999,0.43809202935506963,Advertising sales agents,181,65.71428571428571,143,72.95238095238095
8800,0.33441023488189037,1475624.8502,0.2266227997153652,Packaging and filling machine operators and tenders,182,65.52380952380952,322,38.857142857142854
6305,0.3339856537122906,2049349.0712,0.1629715788324557,Construction equipment operators,183,65.33333333333333,396,24.761904761904763
4500,0.33219744656892175,645976.3593,0.5142563528623574,Barbers,184,65.14285714285715,108,79.61904761904762
1360,0.33053332164583704,2453907.5227,0.13469673106595145,Civil engineers,185,64.95238095238095,438,16.761904761904766
6442,0.3294946057625349,3349436.4813,0.09837314652841239,"Plumbers, pipefitters, and steamfitters",186,64.76190476190476,473,10.095238095238091
3620,0.329338312176028,502447.1982,0.655468501677134,Physical therapist assistants and aides,187,64.57142857142857,64,88.0
6515,0.3286957903355459,1219619.3482,0.2695068677129945,Roofers,188,64.38095238095238,274,48.0
3230,0.323861857338763,1081756.0381,0.29938530124370283,Speech-language pathologists,189,64.1904761904762,243,53.9047619047619
5850,0.321536045784827,272561.0195,1.1796846312604394,"Mail clerks and mail machine operators, except postal service",190,64.0,9,98.47619047619047
3322,0.3171954256840274,507657.6457,0.6248215275998696,Diagnostic medical sonographers,191,63.8095238095238,71,86.66666666666667
5410,0.3092139470476074,626302.6851,0.49371327060211484,Reservation and transportation ticket agents and travel clerks,192,63.61904761904762,116,78.0952380952381
3150,0.301564763187206,906866.9536,0.3325347362036746,Occupational therapists,193,63.42857142857143,221,58.09523809523809
1065,0.2950998451502752,743902.8183,0.3966913928685612,Database administrators and architects,194,63.23809523809524,173,67.23809523809523
1555,0.2942781188759224,1948442.261,0.1510325067189263,"Other engineering technologists and technicians, except drafters",195,63.047619047619044,411,21.904761904761905
640,0.29404574168473446,373807.7033,0.786623012551316,"Compensation, benefits, and job analysis specialists",196,62.857142857142854,44,91.80952380952381
7210,0.29268517629605056,1971394.8599,0.1484660339993466,Bus and truck mechanics and diesel engine specialists,197,62.66666666666667,416,20.952380952380956
3820,0.291092912867273,880703.9403,0.33052300500451504,Detectives and criminal investigators,198,62.476190476190474,223,57.714285714285715
860,0.2862962256132412,662647.0784,0.43204932904030924,Insurance underwriters,199,62.28571428571428,151,71.42857142857143
1240,0.28543637721880744,1947241.916,0.14658495941025512,Other mathematical science occupations,200,62.095238095238095,420,20.190476190476193
140,0.2849347512545969,1680232.5053,0.1695805493322025,Industrial production managers,201,61.904761904761905,384,27.047619047619044
6240,0.28006146295712736,802908.6009,0.34880864726470684,"Carpet, floor, and tile installers and finishers",202,61.71428571428572,210,60.1904761904762
8255,0.27255235072764983,731471.9407,0.3726080736149963,Printing press operators,203,61.523809523809526,192,63.61904761904762
7640,0.2700978257126931,1097960.7725,0.2459995224580695,"Other installation, maintenance, and repair workers",204,61.33333333333333,300,43.047619047619044
3220,0.26819455909169504,574881.3354,0.46652159772257423,Respiratory therapists,205,61.142857142857146,128,75.80952380952381
3402,0.2669520935727832,568519.6007,0.4695565346279946,Paramedics,206,60.952380952380956,124,76.57142857142857
8225,0.2648996078434382,1960797.5244,0.13509788978568654,Other metal workers and plastic workers,207,60.76190476190476,437,16.952380952380953
2001,0.2641041304921406,758469.0241,0.34820687740745476,Substance abuse and behavioral disorder counselors,208,60.57142857142856,211,60.0
810,0.2615012346444196,422330.4787,0.6191862719673034,Property appraisers and assessors,209,60.38095238095238,72,86.47619047619047
335,0.2593809842191441,294327.5695,0.8812663545578733,Entertainment and recreation managers,210,60.1904761904762,23,95.80952380952381
137,0.25807525627168737,326094.45879999996,0.7914125778812141,Training and development managers,211,60.0,42,92.19047619047619
2040,0.25406181955162704,1876277.4515,0.13540738303309885,Clergy,212,59.8095238095238,436,17.14285714285714
2635,0.2533353504439767,598522.9144,0.42326758817235466,Interior designers,213,59.61904761904761,155,70.66666666666667
7330,0.2508743901105863,2253031.0164,0.11134972767105769,Industrial and refractory machinery mechanics,214,59.42857142857143,460,12.571428571428566
3649,0.2433472643100477,704178.7231999999,0.3455759969631069,Phlebotomists,215,59.23809523809525,215,59.23809523809525
3258,0.23971097469532252,1506353.3905,0.15913329249768932,Nurse practitioners,216,59.04761904761905,405,23.04761904761905
3030,0.23888767233718322,680362.3966,0.3511182768638969,Dietitians and nutritionists,217,58.857142857142854,207,60.76190476190476
2850,0.23861832181956003,1210463.5494,0.19712970451513215,Writers and authors,218,58.666666666666664,343,34.857142857142854
4522,0.23765866847444547,506263.6997,0.46943651819254756,Skincare specialists,219,58.47619047619048,125,76.38095238095238
9122,0.23758268275327776,1227757.2577,0.19350949160614175,"Bus drivers, transit and intercity",220,58.285714285714285,350,33.523809523809526
1825,0.23198823823391357,699031.5829,0.3318708966932337,Other psychologists,221,58.09523809523809,222,57.904761904761905
7010,0.22935810784853172,893728.1599000001,0.2566307274845125,"Computer, automated teller, and office machine repairers",222,57.904761904761905,288,45.333333333333336
3601,0.22899637678745402,3179103.5507,0.07203174515565301,Home health aides,223,57.714285714285715,496,5.714285714285716
1410,0.22556828919106708,1649180.8932,0.13677595351798189,Electrical and electronics engineers,224,57.52380952380952,433,17.714285714285715
1430,0.22505592450797848,1372013.219,0.16403334996437705,"Industrial engineers, including health and safety",225,57.33333333333333,394,25.142857142857146
6330,0.22262303021573443,946335.2331,0.23524753430818282,"Drywall installers, ceiling tile installers, and tapers",226,57.14285714285714,312,40.761904761904766
340,0.2160276235797703,642695.9062,0.3361272749612705,Lodging managers,227,56.952380952380956,219,58.47619047619048
2060,0.21322553844205644,382425.4286,0.5575610890275837,"Religious workers, all other",228,56.761904761904766,85,84.0
4930,0.2111741433572863,264468.335,0.7984855478342474,Sales engineers,229,56.57142857142857,37,93.14285714285714
5250,0.21050885366172178,444031.7344,0.4740851550760733,"Eligibility interviewers, government programs",230,56.38095238095238,122,76.95238095238095
9365,0.21039104590399474,412420.6503,0.5101370306044415,Transportation service attendants,231,56.19047619047619,109,79.42857142857143
1007,0.20963960318146665,1074208.3432,0.19515730305814166,Information security analysts,232,56.00000000000001,349,33.71428571428572
2015,0.2079846519216216,426046.0517,0.4881741095633338,Probation officers and correctional treatment specialists,233,55.80952380952381,119,77.52380952380953
940,0.2076959545917403,597213.7268000001,0.34777491754019124,Tax preparers,234,55.61904761904761,212,59.8095238095238
2830,0.20743252955300173,555001.0349,0.3737516085720037,Editors,235,55.42857142857143,190,64.0
7260,0.20623098534183076,514454.889,0.4008728262699643,"Miscellaneous vehicle and mobile equipment mechanics, installers, and repairers",236,55.23809523809524,168,68.19047619047619
6220,0.20514487404109963,686523.0682,0.2988171607677664,"Brickmasons, blockmasons, and stonemasons",237,55.047619047619044,244,53.714285714285715
9430,0.20307869042231713,232559.3675,0.8732337579234134,Other transportation workers,238,54.85714285714286,24,95.61904761904762
7420,0.20263804010217787,819026.3541,0.24741333302375826,Telecommunications line installers and repairers,239,54.666666666666664,297,43.61904761904762
4252,0.20131263790227147,541354.9014,0.37186813563829585,Tree trimmers and pruners,240,54.47619047619048,193,63.42857142857143
9142,0.19974994608296678,2338720.3328,0.08540993263774253,Taxi drivers,241,54.28571428571429,484,7.9999999999999964
2170,0.19965101589026119,499397.6867,0.3997836217655455,"Title examiners, abstractors, and searchers",242,54.095238095238095,169,68.0
3802,0.1994311297898256,1804692.3517,0.11050699561172501,Correctional officers and jailers,243,53.9047619047619,461,12.380952380952381
3330,0.19930613763447047,242008.05849999998,0.8235516572043013,Nuclear medicine technologists and medical dosimetrists,244,53.714285714285715,34,93.71428571428572
4830,0.196341764774702,361718.4721,0.5428027040886696,Travel agents,245,53.52380952380953,91,82.85714285714285
3520,0.19528509606887956,228616.5576,0.8542036417614206,"Opticians, dispensing",246,53.333333333333336,28,94.85714285714286
7315,0.1950777785278336,2556327.2693,0.07631173866922439,"Heating, air conditioning, and refrigeration mechanics and installers",247,53.14285714285714,492,6.47619047619048
1305,0.19457030512613202,1077970.6996,0.18049684021869125,"Architects, except landscape and naval",248,52.95238095238095,371,29.52380952380952
2440,0.19405054759340964,168816.9332,1.1494732424946674,Library technicians,249,52.761904761904766,10,98.28571428571429
7000,0.1939542042994179,1380996.0786000001,0.14044515209343758,"First-line supervisors of mechanics, installers, and repairers",250,52.57142857142857,429,18.476190476190478
5720,0.19369017824115375,243158.3108,0.7965599761073588,Legal secretaries and administrative assistants,251,52.38095238095239,41,92.38095238095238
3605,0.19193442131802937,276377.1076,0.6944656993654326,Orderlies and psychiatric aides,252,52.19047619047619,58,89.14285714285714
3610,0.19086881095528363,172411.25470000002,1.1070554024295005,Occupational therapy assistants and aides,253,52.0,11,98.09523809523809
930,0.18875975636280326,374409.6904,0.5041529671978897,"Tax examiners and collectors, and revenue agents",254,51.80952380952382,111,79.04761904761905
2861,0.18750646809638544,453502.381,0.4134630289766559,Interpreters and translators,255,51.61904761904762,159,69.9047619047619
2910,0.1853581060987119,1162008.9527,0.15951521343103323,Photographers,256,51.42857142857142,404,23.238095238095234
7150,0.18266652123065658,705661.5079999999,0.25885855918140377,Automotive body and related repairers,257,51.23809523809524,285,45.904761904761905
4400,0.1789615857671149,456971.9584,0.3916248743001971,Gambling services workers,258,51.04761904761905,176,66.66666666666667
5560,0.1757607536684551,324555.98480000003,0.5415421742315536,"Postal service mail sorters, processors, and processing machine operators",259,50.857142857142854,92,82.66666666666667
4530,0.17563220399226182,424847.6147,0.41340047093422416,"Baggage porters, bellhops, and concierges",260,50.66666666666666,160,69.71428571428571
3630,0.1729760512141908,988578.6348,0.1749744988664313,Massage therapists,261,50.476190476190474,377,28.380952380952383
3710,0.17161263518719708,541187.3718,0.3171039165537253,First-line supervisors of police and detectives,262,50.28571428571429,236,55.23809523809524
4210,0.1709715106771683,1391476.2652,0.12287059071941424,"First-line supervisors of landscaping, lawn service, and groundskeeping workers",263,50.095238095238095,448,14.857142857142858
3648,0.17000560270212034,370103.3685,0.4593462723431558,Veterinary assistants and laboratory animal caretakers,264,49.904761904761905,136,74.28571428571429
3250,0.16982177599570725,472598.9837,0.3593358891002356,Veterinarians,265,49.71428571428571,203,61.523809523809526
3422,0.16951786909295188,640471.3225,0.2646767515386325,Psychiatric technicians,266,49.523809523809526,279,47.04761904761905
1106,0.16916309553046333,542222.3805,0.3119810277371304,Computer network architects,267,49.33333333333333,239,54.666666666666664
6520,0.1670764278479456,753234.9572,0.22181183474147131,Sheet metal workers,268,49.142857142857146,326,38.095238095238095
3010,0.1661695152968358,881613.3798,0.1884834317448001,Dentists,269,48.95238095238095,361,31.428571428571427
2050,0.1657666975184997,360585.00179999997,0.459716007851161,"Directors, religious activities and education",270,48.76190476190476,135,74.47619047619047
300,0.16548268325777113,1036701.7233,0.15962420003606367,Architectural and engineering managers,271,48.57142857142858,403,23.42857142857143
2600,0.16478203180421716,1603267.8749,0.10277885210822618,Artists and related workers,272,48.38095238095238,467,11.238095238095235
2810,0.1645621830336784,452411.89249999996,0.3637441582808931,"News analysts, reporters, and journalists",273,48.1904761904762,199,62.28571428571428
3321,0.16356274929074638,297241.0573,0.5502697062662695,Cardiovascular technologists and technicians,274,48.0,87,83.61904761904762
7840,0.16317401606529694,511283.56,0.3191458298899674,Food batchmakers,275,47.80952380952381,234,55.61904761904761
3423,0.1625864832781418,595141.7925,0.27318949085253796,Surgical technologists,276,47.61904761904761,267,49.33333333333333
1551,0.16221105443990128,408177.8861,0.39740284803219594,Electrical and electronic engineering technologists and technicians,277,47.42857142857143,172,67.42857142857143
2710,0.1618343561262876,1045909.5255,0.15473074121676275,Producers and directors,278,47.238095238095234,408,22.47619047619047
1530,0.16128736976602073,3571174.1694,0.045163680659439515,"Engineers, all other",279,47.04761904761905,510,3.0476190476190435
4640,0.1599646309383856,171327.8621,0.933675521177157,Residential advisors,280,46.857142857142854,18,96.76190476190476
4240,0.15949678529732322,584221.0184,0.27300761231448917,Pest control workers,281,46.666666666666664,269,48.95238095238095
2180,0.1593465150294581,439985.1392,0.36216340242579287,"Legal support workers, all other",282,46.47619047619047,201,61.904761904761905
4340,0.1583499336744943,434387.7832,0.3645358819900032,Animal trainers,283,46.285714285714285,196,62.857142857142854
6660,0.15814867137416955,480581.8405,0.329077501575238,Construction and building inspectors,284,46.0952380952381,225,57.33333333333333
9350,0.15674436709188896,302661.3564,0.5178869511333788,Parking attendants,285,45.904761904761905,103,80.57142857142857
820,0.1557497560306901,302807.6354,0.5143521424912196,Budget analysts,286,45.714285714285715,107,79.80952380952381
8950,0.1556843928420605,296525.1606,0.5250292842841495,Helpers--production workers,287,45.52380952380952,98,81.52380952380952
5150,0.15435915818412066,234821.439,0.657346956229668,Procurement clerks,288,45.333333333333336,63,88.19047619047619
3647,0.15433483741200668,195141.6758,0.7908860922675682,Pharmacy aides,289,45.14285714285714,43,92.0
40,0.1532351991192828,342728.22479999997,0.44710411349606133,Advertising and promotions managers,290,44.952380952380956,140,73.52380952380952
1545,0.1521966235597747,510904.3407,0.29789651689247176,Other drafters,291,44.76190476190476,248,52.95238095238095
1031,0.15105658310874945,518930.69419999997,0.2910920182542354,Web developers,292,44.57142857142857,252,52.19047619047619
3430,0.15022638583883505,344584.153,0.43596429067019526,Dietetic technicians and ophthalmic medical technicians,293,44.38095238095238,147,72.19047619047618
3000,0.14860038800510986,294834.3109,0.5040132118663462,Chiropractors,294,44.19047619047619,113,78.66666666666666
7855,0.1482322472598873,767261.4637,0.19319652331430823,"Food processing workers, all other",295,43.99999999999999,351,33.333333333333336
7220,0.14599631303752914,1194604.5485,0.12221308986379532,Heavy vehicle and mobile equipment service technicians and mechanics,296,43.80952380952381,451,14.28571428571429
5820,0.14327539166354702,284203.8109,0.5041290305356249,Word processors and typists,297,43.61904761904762,112,78.85714285714286
5521,0.14308259418504216,444807.61470000003,0.321672987279105,Public safety telecommunicators,298,43.42857142857143,232,56.00000000000001
4540,0.1426247608958465,332964.9069,0.42834772656291153,Tour and travel guides,299,43.23809523809524,153,71.04761904761905
8650,0.14184068826510612,453133.04459999996,0.31302216855606946,"Crushing, grinding, polishing, mixing, and blending workers",300,43.047619047619044,238,54.85714285714286
2400,0.14066695604081292,373386.0155,0.376733327445181,"Archivists, curators, and museum technicians",301,42.85714285714286,186,64.76190476190476
5630,0.13951496445618258,367806.7078,0.3793159871680366,"Weighers, measurers, checkers, and samplers, recordkeeping",302,42.666666666666664,182,65.52380952380952
6050,0.13831004359562096,4091455.6186,0.033804605619294825,Miscellaneous agricultural workers,303,42.47619047619048,513,2.4761904761904763
6355,0.1380196217106558,5236158.7653,0.02635894515370909,Electricians,304,42.285714285714285,521,0.952380952380949
7020,0.1371143855286774,680977.8737,0.2013492520449823,Radio and telecommunications equipment installers and repairers,305,42.095238095238095,340,35.42857142857143
5230,0.13684078304923952,180755.1968,0.7570503391979905,"Credit authorizers, checkers, and clerks",306,41.9047619047619,50,90.66666666666666
2011,0.13631740747397794,352819.7218,0.38636561124905333,"Child, family, and school social workers",307,41.714285714285715,180,65.90476190476191
8350,0.13408978135361166,257317.952,0.5211054273959543,"Tailors, dressmakers, and sewers",308,41.52380952380952,102,80.76190476190477
5900,0.13298948854216838,149175.16760000002,0.8914988377875861,"Office machine operators, except computer",309,41.333333333333336,21,96.19047619047619
1032,0.12868074302532026,513520.1216,0.250585590734757,Web and digital interface designers,310,41.142857142857146,292,44.57142857142857
2105,0.1286774275561352,121878.8743,1.055781227839378,Judicial law clerks,311,40.95238095238095,12,97.90476190476191
4420,0.12602242066869043,104241.1691,1.208950568731586,"Ushers, lobby attendants, and ticket takers",312,40.761904761904766,8,98.66666666666667
4950,0.12596488969309358,544838.5854,0.23119671232648636,"Door-to-door sales workers, news and street vendors, and related workers",313,40.57142857142857,318,39.61904761904762
3725,0.12347471958492828,440677.0989,0.2801931842910394,First-line supervisors of security workers,314,40.38095238095239,259,50.857142857142854
8320,0.12278996424073621,667499.5606,0.18395512370129974,Sewing machine operators,315,40.19047619047619,368,30.0952380952381
9760,0.12233434667771365,345539.4275,0.3540387491025569,Other material moving workers,316,40.0,206,60.952380952380956
4330,0.12145746419643064,1214842.8823,0.09997791975080877,Supervisors of personal care and service workers,317,39.8095238095238,470,10.666666666666668
1980,0.1197179207064357,491224.2917,0.24371335605599428,Occupational health and safety specialists and technicians,318,39.61904761904762,303,42.47619047619048
3324,0.116999839494339,288867.5868,0.40502931045477547,Magnetic resonance imaging technologists,319,39.42857142857142,164,68.95238095238095
9050,0.11633762199535272,626959.9739,0.18555829213733593,Flight attendants,320,39.23809523809524,366,30.476190476190478
900,0.11561404487430385,92584.8623,1.2487359380595402,Financial examiners,321,39.047619047619044,5,99.23809523809524
1760,0.11447271039631839,2342154.6076,0.048874958990695445,"Physical scientists, all other",322,38.857142857142854,507,3.6190476190476217
1105,0.112723683840571,1248317.8135000002,0.09030046885617962,Network and computer systems administrators,323,38.66666666666667,482,8.380952380952378
1220,0.11129275854057512,907353.7223,0.12265641921704509,Operations research analysts,324,38.476190476190474,449,14.66666666666666
7720,0.10907431661034422,608596.4446,0.17922273056004018,"Electrical, electronics, and electromechanical assemblers",325,38.28571428571429,373,29.14285714285715
8710,0.10892441548288229,294600.5536,0.3697359497524118,Cutting workers,326,38.095238095238095,194,63.23809523809524
9720,0.10832253206446733,660987.1081000001,0.16387994672973155,Refuse and recyclable material collectors,327,37.904761904761905,395,24.95238095238095
1560,0.10815568232304489,327532.1913,0.3302139001780766,Surveying and mapping technicians,328,37.71428571428571,224,57.52380952380952
2012,0.10711425638486866,422876.6818,0.25329903727235653,Healthcare social workers,329,37.523809523809526,289,45.14285714285714
1840,0.10594214699654908,239216.5991,0.4428712196190949,Urban and regional planners,330,37.33333333333333,141,73.33333333333334
8030,0.10569279060079494,1692394.5027,0.06245162722531629,Machinists,331,37.142857142857146,502,4.571428571428571
4525,0.10506089811473425,124804.8916,0.8418011246823137,Other personal appearance workers,332,36.95238095238095,31,94.28571428571428
7430,0.10487865447621758,253953.90720000002,0.4129830315767537,Precision instrument and equipment repairers,333,36.76190476190476,161,69.52380952380952
9141,0.10486034802175777,362176.485,0.2895283166209915,Shuttle drivers and chauffeurs,334,36.57142857142858,254,51.80952380952382
8620,0.10291939443974796,584616.5349,0.1760459862076131,Water and wastewater treatment plant and system operators,335,36.38095238095238,375,28.761904761904766
5500,0.10225982774544555,120117.1052,0.8513344338025685,Cargo and freight agents,336,36.1904761904762,29,94.66666666666667
6400,0.09877202367445842,276333.6093,0.35743760567042404,Insulation workers,337,36.0,204,61.33333333333333
1650,0.09799359265601003,811745.5946,0.12071958666347658,Medical scientists,338,35.80952380952381,453,13.904761904761909
7410,0.0976064402946075,745426.4659,0.13094040091098877,Electrical power-line installers and repairers,339,35.61904761904762,441,16.19047619047619
3740,0.09739710972417061,1795743.4902,0.054237762940921516,Firefighters,340,35.42857142857143,506,3.809523809523807
8760,0.0953067450583509,388527.8995,0.2453021911193559,Dental and ophthalmic laboratory technicians and medical appliance technicians,341,35.238095238095234,302,42.666666666666664
8830,0.09416384263765284,142667.01069999998,0.6600253427588839,Photographic process workers and processing machine operators,342,35.04761904761905,61,88.57142857142857
1822,0.09305374471110116,313978.4584,0.2963698375528464,School psychologists,343,34.857142857142854,250,52.57142857142857
6360,0.09246685713196408,190234.9944,0.4860664959336424,Glaziers,344,34.66666666666667,120,77.33333333333333
2905,0.09159192664199337,558264.5099,0.1640654654160264,"Broadcast, sound, and lighting technicians",345,34.476190476190474,393,25.33333333333333
2752,0.09069199973048216,661781.9331,0.13704212096823432,Musicians and singers,346,34.285714285714285,431,18.0952380952381
1720,0.08815982135655713,489503.7098,0.18010041515840036,Chemists and materials scientists,347,34.0952380952381,372,29.333333333333332
3750,0.08807759290996342,123838.704,0.7112283160679994,Fire inspectors,348,33.904761904761905,56,89.52380952380953
1306,0.0869197042815344,136380.15110000002,0.6373339784453017,Landscape architects,349,33.71428571428572,70,86.85714285714286
4465,0.08679382546499452,193122.96860000002,0.4494225937711404,"Morticians, undertakers, and funeral arrangers",350,33.523809523809526,139,73.71428571428571
2004,0.0851078309326115,997715.1274,0.0853027368186735,Mental health counselors,351,33.333333333333336,485,7.80952380952381
2721,0.08432213513816654,183113.66009999998,0.4604906869979961,Athletes and sports competitors,352,33.14285714285714,134,74.66666666666666
9510,0.08175060931230696,348512.4355,0.23457013576867605,Crane and tower operators,353,32.952380952380956,313,40.57142857142857
830,0.08123244332338718,189465.68050000002,0.42874489516526015,Credit analysts,354,32.76190476190476,152,71.23809523809524
2013,0.07867172939553857,98695.2564,0.7971176352862545,Mental health and substance abuse social workers,355,32.57142857142858,40,92.57142857142857
2865,0.07851725823414538,152179.7782,0.5159506681035849,"Media and communication workers, all other",356,32.38095238095238,106,80.0
4900,0.0774070402278329,128911.6767,0.6004657003102412,"Models, demonstrators, and product promoters",357,32.19047619047619,75,85.90476190476191
1022,0.07725997757882062,462267.1611,0.16713274071853731,Software quality assurance analysts and testers,358,31.999999999999996,389,26.095238095238095
6250,0.0759117690907977,315163.5838,0.24086465884006014,"Cement masons, concrete finishers, and terrazzo workers",359,31.80952380952381,304,42.285714285714285
1860,0.07586643310124216,340616.9869,0.22273238276138999,Miscellaneous social scientists and related workers,360,31.619047619047624,325,38.28571428571429
9630,0.07542121924203639,110507.2999,0.6824998829062549,Machine feeders and offbearers,361,31.428571428571427,59,88.95238095238095
3100,0.07498743894391516,231079.7397,0.3245089294339168,Surgeons,362,31.23809523809524,231,56.19047619047619
9410,0.07494704181205647,235981.58539999998,0.3175969925154019,Transportation inspectors,363,31.047619047619047,235,55.42857142857143
6600,0.07459075933839515,322293.0058,0.2314377228052001,"Helpers, construction trades",364,30.85714285714286,317,39.8095238095238
7510,0.07435962277076985,171260.00759999998,0.434191401792101,"Coin, vending, and amusement machine servicers and repairers",365,30.666666666666664,149,71.80952380952381
7130,0.07422499987997376,309336.134,0.23994933576034722,Security and fire alarm systems installers,366,30.476190476190478,305,42.095238095238095
500,0.07229968482206414,263018.7798,0.27488411617239256,"Agents and business managers of artists, performers, and athletes",367,30.28571428571428,265,49.71428571428571
2840,0.07222108831642714,316600.22,0.2281144603008398,Technical writers,368,30.0952380952381,320,39.23809523809524
2920,0.0716568892839898,749800.5251,0.09556793691819969,"Television, video, and film camera operators and editors",369,29.9047619047619,475,9.714285714285719
5020,0.07099535496718616,87177.9002,0.8143733079635033,Telephone operators,370,29.714285714285715,35,93.52380952380952
7240,0.07007275826524541,264821.1692,0.2646040664986438,Small engine mechanics,371,29.52380952380952,280,46.857142857142854
360,0.06820215328113177,212843.4491,0.3204334151204646,Natural sciences managers,372,29.333333333333332,233,55.80952380952381
8610,0.06809765533206727,426082.779,0.15982259478284916,Stationary engineers and boiler operators,373,29.14285714285715,402,23.619047619047617
1460,0.06801780100457039,2324306.1576,0.02926370124786111,Mechanical engineers,374,28.952380952380953,518,1.5238095238095273
2636,0.06651717054554208,191938.2467,0.3465550597089105,Merchandise displayers and window trimmers,375,28.761904761904766,213,59.61904761904761
5920,0.06603338939953907,221193.69799999997,0.2985319654068041,Statistical assistants,376,28.57142857142857,245,53.52380952380953
7300,0.06599527647945487,150830.5376,0.4375458546363682,Control and valve installers and repairers,377,28.380952380952383,144,72.76190476190476
1420,0.0652491254375849,198618.717,0.32851448455175,Environmental engineers,378,28.19047619047619,227,56.952380952380956
1310,0.06518825514379414,228192.8505,0.28567176842288555,"Surveyors, cartographers, and photogrammetrists",379,28.000000000000004,255,51.61904761904762
1745,0.06437943331744939,238987.4996,0.2693841034581433,"Environmental scientists and specialists, including health",380,27.809523809523807,275,47.80952380952381
6730,0.0638171039979822,546825.7142,0.11670465075210648,Highway maintenance workers,381,27.61904761904762,455,13.523809523809527
2862,0.060831438691282,132555.41,0.4589132853293728,Court reporters and simultaneous captioners,382,27.428571428571423,137,74.0952380952381
7905,0.05976019179502117,480037.39749999996,0.12449070032094983,Computer numerically controlled tool operators and programmers,383,27.23809523809524,447,15.047619047619044
7950,0.058651123807675745,401943.3583,0.14591887786313434,"Cutting, punching, and press machine setters, operators, and tenders, metal and plastic",384,27.047619047619044,423,19.619047619047613
9415,0.05764466804685704,131880.9816,0.437096140379782,Passenger attendants,385,26.857142857142858,145,72.57142857142857
1900,0.05624822632884642,225426.6899,0.249518929430221,Agricultural and food science technicians,386,26.66666666666667,295,43.99999999999999
1541,0.055451676294640206,199960.10859999998,0.27731369363059155,Architectural and civil drafters,387,26.476190476190474,263,50.095238095238095
1610,0.055427110262201484,601931.3055,0.09208211926468989,Biological scientists,388,26.285714285714292,479,8.952380952380956
3945,0.05503146081386619,273321.692,0.20134318798914136,Transportation security screeners,389,26.095238095238095,341,35.238095238095234
4940,0.053728013010959426,188772.3264,0.28461805835412657,Telemarketers,390,25.90476190476191,257,51.23809523809524
7320,0.053703622146543346,280016.5248,0.19178733178301105,Home appliance repairers,391,25.71428571428571,353,32.952380952380956
1400,0.053362162716810956,492208.0202,0.10841384237324736,Computer hardware engineers,392,25.523809523809526,463,12.0
9040,0.052701584142632416,198246.4971,0.26583866506376935,Air traffic controllers and airfield operations specialists,393,25.33333333333333,278,47.238095238095234
6530,0.052226946868296896,281449.8324,0.1855639650695237,Structural iron and steel workers,394,25.142857142857146,365,30.666666666666664
3040,0.05202930379059276,229020.07510000002,0.22718228420750683,Optometrists,395,24.95238095238095,321,39.047619047619044
3646,0.051859864926587354,274914.6092,0.1886399019590093,Medical transcriptionists,396,24.761904761904763,360,31.619047619047624
3720,0.05148949378739949,293047.7058,0.1757034529474876,First-line supervisors of firefighting and prevention workers,397,24.571428571428566,376,28.57142857142857
9570,0.05080258760591393,182616.653,0.27819252390916366,"Conveyor, dredge, and hoist and winch operators",398,24.38095238095238,262,50.28571428571429
8640,0.049380208017112154,329198.787,0.1500011845946205,"Chemical processing machine setters, operators, and tenders",399,24.190476190476197,413,21.523809523809522
6441,0.04838718295610448,243841.1174,0.19843734097038912,Pipelayers,400,24.0,342,35.04761904761905
1821,0.048292155554618146,96872.4844,0.49851261535951835,Clinical and counseling psychologists,401,23.809523809523814,114,78.47619047619048
1920,0.04768750184423978,296224.3779,0.1609843935948385,Chemical technicians,402,23.619047619047617,399,24.190476190476197
2805,0.04763205458942681,127200.9044,0.3744631755104629,Broadcast announcers and radio disc jockeys,403,23.42857142857143,189,64.1904761904762
6765,0.047335814519652665,192032.3922,0.24649911391174484,Miscellaneous construction and related workers,404,23.238095238095234,299,43.23809523809524
135,0.04677976557666852,78794.1618,0.593695833650819,Compensation and benefits managers,405,23.04761904761905,78,85.33333333333333
2633,0.04660107552636973,309720.7529,0.150461585444408,Floral designers,406,22.857142857142854,412,21.71428571428572
9240,0.046509542757383227,272371.2992,0.17075786947446195,Railroad conductors and yardmasters,407,22.666666666666668,381,27.61904761904762
8600,0.04641388874000093,236400.7255,0.1963356442406558,"Power plant operators, distributors, and dispatchers",408,22.47619047619047,345,34.476190476190474
8100,0.04579372660685897,153414.9333,0.2984958870810197,"Molders and molding machine setters, operators, and tenders, metal and plastic",409,22.285714285714285,246,53.333333333333336
3140,0.04556899724361841,88063.4316,0.5174565244130052,Audiologists,410,22.09523809523809,104,80.38095238095238
4160,0.045093830192507164,27906.048899999998,1.6159159741351692,"Food preparation and serving related workers, all other",411,21.904761904761905,2,99.80952380952381
1200,0.044621858412984626,197840.8105,0.22554425601175257,Actuaries,412,21.71428571428572,324,38.476190476190474
3700,0.04449534912794304,317227.0009,0.14026343596763816,First-line supervisors of correctional officers,413,21.523809523809522,430,18.285714285714285
8920,0.04438124589928491,185961.8576,0.23865778967829,"Molders, shapers, and casters, except metal and plastic",414,21.333333333333336,306,41.9047619047619
8500,0.04410425741239457,304366.1961,0.14490524236109337,Cabinetmakers and bench carpenters,415,21.142857142857142,424,19.428571428571427
205,0.04314291122539492,3213776.3263999997,0.013424366490907174,"Farmers, ranchers, and other agricultural managers",416,20.952380952380956,525,0.19047619047618536
6710,0.04220309207448468,198455.89130000002,0.2126572902322536,Fence erectors,417,20.76190476190476,333,36.76190476190476
5530,0.041638313344773394,126957.86720000001,0.3279695403135552,"Meter readers, utilities",418,20.571428571428573,228,56.761904761904766
1935,0.041612859295412453,114361.6694,0.36387068773772596,Environmental  science and geoscience technicians,419,20.380952380952376,198,62.476190476190474
9210,0.04089508756381115,284587.9624,0.1436992879773721,Locomotive engineers and operators,420,20.190476190476193,425,19.238095238095244
5010,0.03958180518379693,43167.1897,0.9169419056204375,"Switchboard operators, including answering service",421,19.999999999999996,20,96.38095238095238
425,0.03889360527037517,73672.6406,0.5279246807718627,Emergency management directors,422,19.80952380952381,95,82.0952380952381
8555,0.038582000315059706,118358.3059,0.3259762804281546,Other woodworkers,423,19.619047619047613,230,56.38095238095238
5340,0.03830845933360031,72890.9938,0.5255581977481601,New accounts clerks,424,19.428571428571427,96,81.9047619047619
3946,0.037142837175398034,192965.919,0.19248392341964818,School bus monitors,425,19.238095238095244,352,33.14285714285714
4461,0.036922640536280846,93874.5043,0.3933191531780035,"Embalmers, crematory operators and funeral attendants",426,19.047619047619047,175,66.85714285714286
8310,0.0361318474080317,117976.3369,0.30626351315398154,"Pressers, textile, garment, and related materials",427,18.85714285714286,241,54.28571428571429
8000,0.03611305765153158,214469.9681,0.16838281821673654,"Grinding, lapping, polishing, and buffing machine tool setters, operators, and tenders, metal and plastic",428,18.666666666666664,387,26.476190476190474
3261,0.03560181662621177,142520.7389,0.24980095459083934,Acupuncturists,429,18.476190476190478,294,44.19047619047619
3210,0.03457578936287126,65895.3361,0.5247076866016814,Recreational therapists,430,18.285714285714285,99,81.33333333333333
3940,0.03430588649623443,174247.03889999999,0.1968807430691692,Crossing guards and flaggers,431,18.0952380952381,344,34.66666666666667
7610,0.03333632853473955,122029.698,0.2731820948597246,"Helpers--installation, maintenance, and repair workers",432,17.9047619047619,268,49.142857142857146
1350,0.033126858319766764,440959.9695,0.07512441176311076,Chemical engineers,433,17.714285714285715,493,6.285714285714283
1450,0.0324568143085581,321621.8229,0.1009160821734715,Materials engineers,434,17.52380952380952,469,10.857142857142854
7120,0.031774486652057884,162056.5817,0.19607032506016314,Audiovisual equipment installers and repairers,435,17.333333333333336,346,34.285714285714285
2770,0.0315221592694055,249534.45260000002,0.12632387608590082,"Entertainers and performers, sports and related workers, all other",436,17.14285714285714,445,15.428571428571425
2005,0.031425487811881404,115188.6085,0.27281767026364767,Rehabilitation counselors,437,16.952380952380953,270,48.76190476190476
7740,0.031221377133466763,134391.73630000002,0.2323161973573427,Structural metal fabricators and fitters,438,16.761904761904766,316,40.0
8750,0.03116300016873149,245583.1159,0.12689390333096384,Jewelers and precious stone and metal workers,439,16.57142857142857,444,15.61904761904762
8250,0.0296929394877979,90381.6257,0.32852849523150257,Prepress technicians and workers,440,16.380952380952387,226,57.14285714285714
1750,0.029225744249194826,214367.9679,0.13633447448094613,"Geoscientists and hydrologists, except geographers",441,16.19047619047619,435,17.333333333333336
7140,0.02831320143760307,940230.2164,0.030113052041669173,Aircraft mechanics and service technicians,442,16.000000000000004,517,1.7142857142857126
8930,0.028078370361197966,80446.64839999999,0.34903095305581394,"Paper goods machine setters, operators, and tenders",443,15.809523809523807,209,60.38095238095238
6130,0.028008881996193256,284064.8555,0.09860030712667042,Logging workers,444,15.61904761904762,472,10.285714285714286
8450,0.02763098941370391,116164.2203,0.23786144599727416,Upholsterers,445,15.428571428571425,307,41.714285714285715
2751,0.0274388640664543,218541.0044,0.12555476324357143,Music directors and composers,446,15.238095238095239,446,15.238095238095239
6005,0.027356649398167947,237654.1713,0.11511116867220732,"First-line supervisors of farming, fishing, and forestry workers",447,15.047619047619044,457,13.142857142857146
7925,0.026708112519868665,132358.9308,0.20178549613872118,"Forming machine setters, operators, and tenders, metal and plastic",448,14.857142857142858,339,35.61904761904762
3270,0.026560022954960037,77055.8508,0.3446853506802113,"Healthcare diagnosing or treating practitioners, all other",449,14.66666666666666,216,59.04761904761905
1800,0.02629209662448528,163857.9537,0.1604566396125163,Economists,450,14.476190476190476,401,23.809523809523814
6120,0.02564647041672755,99157.9374,0.258642637081795,Forest and conservation workers,451,14.28571428571429,286,45.714285714285715
6720,0.02536775505176898,157730.2327,0.16083001094671548,Hazardous materials removal workers,452,14.095238095238095,400,24.0
6460,0.02499908158615152,139505.0728,0.17919836952446305,Plasterers and stucco masons,453,13.904761904761909,374,28.952380952380953
3256,0.024629897339534683,173360.2364,0.14207351034469798,Nurse anesthetists,454,13.714285714285712,427,18.85714285714286
1600,0.024262991537286435,158681.8358,0.15290339574762116,Agricultural and food scientists,455,13.523809523809527,409,22.285714285714285
1910,0.024117978742724044,148465.8826,0.16244795316175922,Biological technicians,456,13.33333333333333,398,24.38095238095238
6825,0.023826503710768394,178286.12649999998,0.13364193938426497,"Earth drillers, except oil and gas",457,13.142857142857146,440,16.380952380952387
6700,0.023408070037267255,242825.6355,0.09639867713747734,Elevator and escalator installers and repairers,458,12.952380952380949,474,9.904761904761905
3200,0.023246484632118914,62002.099,0.3749306073028094,Radiation therapists,459,12.761904761904763,188,64.38095238095238
3840,0.02296887073156156,121599.3214,0.18888979368565423,Parking enforcement workers,460,12.571428571428566,359,31.80952380952381
7540,0.02284373494539084,167155.6476,0.13666146058107126,Locksmiths and safe repairers,461,12.380952380952381,434,17.52380952380952
510,0.022644401414685468,57888.140900000006,0.39117513643775464,"Buyers and purchasing agents, farm products",462,12.190476190476197,177,66.47619047619048
9030,0.02242122014077002,986182.2973,0.02273537073435157,Aircraft pilots and flight engineers,463,12.0,522,0.7619047619047636
7100,0.021976195134021798,92797.0345,0.23682001534242775,"Electrical and electronics repairers, industrial and utility",464,11.809523809523814,309,41.333333333333336
2003,0.021870846929324478,196044.1031,0.11156085076513826,Marriage and family therapists,465,11.619047619047617,459,12.761904761904763
7160,0.02142222150191597,122725.43830000001,0.1745540435516698,Automotive glass installers and repairers,466,11.428571428571432,378,28.19047619047619
3801,0.02106123873991292,95934.71729999999,0.21953719500784855,Bailiffs,467,11.238095238095235,329,37.523809523809526
2755,0.02084118130477604,120432.3648,0.17305299401358298,"Disc jockeys, except radio",468,11.047619047619051,379,28.000000000000004
8465,0.020028725751156464,87158.95820000001,0.2297953780631176,"Other textile, apparel, and furnishings workers",469,10.857142857142854,319,39.42857142857142
7040,0.01975879214646516,138562.4938,0.1425984160979727,"Electric motor, power tool, and related repairers",470,10.666666666666668,426,19.047619047619047
2723,0.01960921491789947,130949.80010000001,0.14974604698078856,"Umpires, referees, and other sports officials",471,10.476190476190473,415,21.142857142857142
9265,0.01932209783531633,81726.8059,0.2364230147322609,Other rail transportation workers,472,10.285714285714286,311,40.95238095238095
4255,0.019162984208531287,99976.47409999999,0.1916749353389258,Other grounds maintenance workers,473,10.095238095238091,354,32.76190476190476
8630,0.019046993101662406,246648.2853,0.07722329420816941,Miscellaneous plant and system operators,474,9.904761904761905,488,7.2380952380952435
7350,0.019036965965341712,174138.9913,0.10932052507726747,"Maintenance workers, machinery",475,9.714285714285719,462,12.190476190476197
6950,0.018650085382819332,267069.8448,0.06983223956559295,Other extraction workers,476,9.523809523809524,498,5.333333333333334
2632,0.01844162306566733,172335.5392,0.10700998268421776,Fashion designers,477,9.333333333333337,465,11.619047619047617
8510,0.0183987666592433,69084.7647,0.2663216229966156,Furniture finishers,478,9.142857142857142,277,47.42857142857143
1320,0.017926357749859352,926221.7112,0.01935428368077683,Aerospace engineers,479,8.952380952380956,524,0.3809523809523818
1005,0.01753896269612507,229746.9738,0.07634034262141419,Computer and information research scientists,480,8.76190476190476,491,6.666666666666665
8530,0.017348517535194206,115813.1284,0.14979750374478448,"Sawing machine setters, operators, and tenders, wood",481,8.571428571428575,414,21.333333333333336
8130,0.016201675285185926,211911.5868,0.0764548816317293,Tool and die makers,482,8.380952380952378,490,6.857142857142861
5040,0.016113205242216863,10996.0566,1.4653621592141373,"Communications equipment operators, all other",483,8.190476190476193,4,99.42857142857143
9650,0.016091337102174738,85735.1902,0.18768649214677707,Pumping station operators,484,7.9999999999999964,362,31.23809523809524
3120,0.015312629973561004,35213.9096,0.43484606360098693,Podiatrists,485,7.80952380952381,148,72.0
2631,0.014736397605082694,80847.9647,0.18227295714573127,Commercial and industrial designers,486,7.619047619047614,370,29.714285714285715
8720,0.01361708280941599,112583.2547,0.1209512271225535,"Extruding, forming, pressing, and compacting machine setters, operators, and tenders",487,7.428571428571429,452,14.095238095238095
8335,0.01329221033514598,78801.5084,0.16867964338543015,Shoe and leather workers,488,7.2380952380952435,386,26.66666666666667
9110,0.012519067274265158,65790.7617,0.1902860971780656,"Ambulance drivers and attendants, except emergency medical technicians",489,7.0476190476190474,356,32.38095238095238
3900,0.01237694635114125,41735.82,0.2965545268103334,Animal control workers,490,6.857142857142861,249,52.761904761904766
1640,0.012376059666030566,151634.251,0.08161783755591319,Conservation scientists and foresters,491,6.666666666666665,486,7.619047619047614
8256,0.012135283687893681,64162.426499999994,0.18913380228682097,Print binding and finishing workers,492,6.47619047619048,358,31.999999999999996
6210,0.011621116576291703,102348.5129,0.11354455719006057,Boilermakers,493,6.285714285714283,458,12.952380952380949
1340,0.011460464533325096,177842.05310000002,0.06444181414662883,Bioengineers and biomedical engineers,494,6.0952380952380985,501,4.761904761904767
8850,0.011376106498898487,51352.429000000004,0.221530056521737,Adhesive bonding machine operators and tenders,495,5.9047619047619015,327,37.904761904761905
1710,0.011333222484446003,57994.961299999995,0.19541736437792923,Atmospheric and space scientists,496,5.714285714285716,348,33.904761904761905
6540,0.011301795991047168,130509.3226,0.08659761437645504,Solar photovoltaic installers,497,5.52380952380952,483,8.190476190476193
7850,0.011057072206984144,74995.4295,0.14743661421372545,Food cooking machine operators and tenders,498,5.333333333333334,419,20.380952380952376
6040,0.010887715122773287,233234.3008,0.04668144902112652,"Graders and sorters, agricultural products",499,5.142857142857138,509,3.23809523809524
8365,0.010603350919580062,143224.983,0.07403283070789446,"Textile machine setters, operators, and tenders",500,4.9523809523809526,494,6.0952380952380985
6850,0.0102957448036441,211737.2241,0.048625105233180865,Underground mining machine operators,501,4.761904761904767,508,3.4285714285714253
6010,0.01001232813047984,81642.3475,0.12263645567614084,Agricultural inspectors,502,4.571428571428571,450,14.476190476190476
8025,0.009826152987673482,39987.792,0.2457288211280453,"Other machine tool setters, operators, and tenders, metal and plastic",503,4.380952380952385,301,42.85714285714286
7830,0.009798494255033152,57885.6386,0.1692733204991048,"Food and tobacco roasting, baking, and drying machine operators and tenders",504,4.190476190476189,385,26.857142857142858
7360,0.00975307961735197,273399.8136,0.0356733221172612,Millwrights,505,4.0000000000000036,512,2.6666666666666616
9300,0.009157976229351456,138378.0275,0.06618085540604672,Sailors and marine oilers,506,3.809523809523807,500,4.9523809523809526
8910,0.008325340214880768,22012.581599999998,0.3782082613554409,Etchers and engravers,507,3.6190476190476217,183,65.33333333333333
1700,0.008072745659994536,118997.2227,0.06783978211278485,Astronomers and physicists,508,3.4285714285714253,499,5.142857142857138
7730,0.007425389360141159,31715.242000000002,0.23412683908075363,Engine and other machine assemblers,509,3.23809523809524,314,40.38095238095239
8040,0.0072839622356749255,94990.00899999999,0.07668135114793942,"Metal furnace operators, tenders, pourers, and casters",510,3.0476190476190435,489,7.0476190476190474
5910,0.007038810931179164,43296.009099999996,0.1625741281354998,Proofreaders and copy markers,511,2.857142857142858,397,24.571428571428566
2700,0.006827575784678693,245526.609,0.027807885314290695,Actors,512,2.6666666666666616,520,1.1428571428571455
8540,0.006783116322702586,93360.52249999999,0.07265508098139217,"Woodworking machine setters, operators, and tenders, except sawing",513,2.4761904761904763,495,5.9047619047619015
9310,0.006705573697342569,200804.32650000002,0.033393571813018524,Ship and boat captains and operators,514,2.285714285714291,514,2.285714285714291
6740,0.0065838082483895,72125.16709999999,0.09128309178488546,Rail-track laying and maintenance equipment operators,515,2.0952380952380945,480,8.76190476190476
2740,0.005844707046293244,61623.1477,0.0948459672126298,Dancers and choreographers,516,1.904761904761909,476,9.523809523809524
7030,0.005825598372074457,39777.8504,0.14645332297982738,Avionics technicians,517,1.7142857142857126,421,19.999999999999996
6115,0.005825214056085821,144573.8704,0.040292302059624606,Fishing and hunting workers,518,1.5238095238095273,511,2.857142857142858
8730,0.005476141346012483,57746.2113,0.09483117979053429,"Furnace, kiln, oven, drier, and kettle operators and tenders",519,1.3333333333333308,477,9.333333333333337
8940,0.005296529492173003,32026.256,0.16538085164163438,Tire builders,520,1.1428571428571455,391,25.71428571428571
6800,0.00499809768984888,152817.6757,0.03270627999643683,"Derrick, rotary drill, and service unit operators, oil and gas",521,0.952380952380949,515,2.0952380952380945
7560,0.004884845260564338,69245.0037,0.07054437142826432,Riggers,522,0.7619047619047636,497,5.52380952380952
6835,0.004366899479839913,77806.57949999999,0.05612506690182818,"Explosives workers, ordnance handling experts, and blasters",523,0.5714285714285672,505,4.0000000000000036
1520,0.0036829628854165328,169645.4997,0.021709758831972913,Petroleum engineers,524,0.3809523809523818,523,0.5714285714285672
1440,0.0033810308840183365,59095.3094,0.057213185248478224,Marine engineers and naval architects,525,0.19047619047618536,504,4.190476190476189
