occ,port_rate,rank,portability_index,portability_minmax,occ_title,weighted_employment
5400,0.012512835714280687,1,1.0,1.0,Receptionists and information clerks,6577331.8289
5860,0.012130504574361222,2,0.9980916030534351,0.9691650678126136,"Office clerks, general",6633077.8964
4720,0.010986954267359923,3,0.9961832061068703,0.8769379576256757,Cashiers,13500837.07
9620,0.010750485881135044,4,0.9942748091603053,0.8578668281978171,"Laborers and freight, stock, and material movers, hand",12147148.817499999
5510,0.009773305419338109,5,0.9923664122137404,0.7790574137182789,Couriers and messengers,4334240.2911
9645,0.009607727554644688,6,0.9904580152671756,0.7657035910852876,Stockers and order fillers,9205534.6442
4760,0.009442889108354701,7,0.9885496183206107,0.7524094024029414,Retail salespersons,13976075.1649
4710,0.009294268612694731,8,0.9866412213740458,0.7404231882894474,First-Line supervisors of non-retail sales workers,6286646.6535
5240,0.009273559938272514,9,0.9847328244274809,0.738753037718834,Customer service representatives,14771543.1791
4850,0.009005497678255148,10,0.982824427480916,0.7171338685050103,"Sales representatives, wholesale and manufacturing",6313761.7074
5810,0.008694187869039208,11,0.9809160305343512,0.6920267928468159,Data entry keyers,1321212.2156
310,0.008447027474390452,12,0.9790076335877863,0.6720933550159152,Food service managers,6425960.8638
4020,0.008334440643705348,13,0.9770992366412213,0.6630132489850561,Cooks,11038354.1105
440,0.008133542225963169,14,0.9751908396946565,0.6468108306077872,"Managers, all other",29149695.1166
4110,0.007869906887600541,15,0.9732824427480916,0.6255486917657282,Waiters and waitresses,9556688.739500001
2320,0.007852694896097913,16,0.9713740458015268,0.6241605479935386,Secondary school teachers,5472042.7893
3160,0.007713468402110161,17,0.9694656488549618,0.6129319582906329,Physical therapists,1774899.8
5000,0.007640203142252908,18,0.9675572519083969,0.6070231293109544,First-Line supervisors of office and administrative support workers,7114112.1174
5740,0.007581526809478535,19,0.9656488549618321,0.6022908944674011,"Secretaries and administrative assistants, except legal, medical, and executive",10288623.4475
5110,0.007392822026453297,20,0.9637404580152672,0.5870718903621003,Billing and posting clerks,2479438.9256
2310,0.007322777702976968,21,0.9618320610687023,0.5814228292760509,Elementary and middle school teachers,20157935.349799998
4700,0.007246352075992504,22,0.9599236641221374,0.575259117301293,First-Line supervisors of retail sales workers,16840281.3127
120,0.007166777187670315,23,0.9580152671755725,0.568841418011221,Financial managers,8094297.2013
3500,0.006972076900079218,24,0.9561068702290076,0.5531388776269858,Licensed practical and licensed vocational nurses,3143605.5179000003
4150,0.006971237357771015,25,0.9541984732824428,0.5530711687028648,"Hosts and hostesses, restaurant, lounge, and coffee shop",1500385.2212999999
5120,0.006914868178422258,26,0.9522900763358778,0.5485250053350479,"Bookkeeping, accounting, and auditing clerks",6006470.7616
5710,0.0067967016069844345,27,0.950381679389313,0.5389948942960445,Executive secretaries and executive administrative assistants,1326680.3371000001
4055,0.00676906351613872,28,0.9484732824427481,0.53676588763654,Fast food and counter workers,4324560.4074
2360,0.006729122402595745,29,0.9465648854961832,0.5335446445856973,Other teachers and instructors,4431803.0868999995
20,0.0067246667770910545,30,0.9446564885496184,0.533185299254008,General and operations managers,6958987.9362
4840,0.006682321784146182,31,0.9427480916030534,0.5297701837962256,"Sales representatives of services, except advertising, insurance, financial services, and travel",3410093.9732
5160,0.006678620223230611,32,0.9408396946564885,0.5294716536272126,Tellers,1323707.0256999999
4220,0.006674742289507352,33,0.9389312977099237,0.5291588990255104,Janitors and building cleaners,11761697.784
750,0.006495518717637908,34,0.9370229007633588,0.5147045527587125,"Business operations specialists, all other",2712387.4655
3090,0.006298241444178914,35,0.9351145038167938,0.49879417896467126,Other physicians,4815208.1555
630,0.0062534562029739746,36,0.933206106870229,0.4951822579586006,Human resources workers,5306350.4353
5420,0.006232676485275721,37,0.9312977099236641,0.4935063777615713,"Information and record clerks, all other",570394.4296
5610,0.006210491485121816,38,0.9293893129770993,0.49171716180739367,"Shipping, receiving, and inventory clerks",3412713.4091
4230,0.006203627594296317,39,0.9274809160305344,0.49116359034525625,Maids and housekeeping cleaners,7032501.354499999
800,0.006062107224598152,40,0.9255725190839694,0.4797500000117669,Accountants and auditors,9327361.389
5600,0.006031426186843405,41,0.9236641221374046,0.4772755802749765,"Production, planning, and expediting clerks",1254049.4732
4810,0.005988007288873656,42,0.9217557251908397,0.4737738545854858,Insurance sales agents,3259456.3489
9130,0.0058891516112996225,43,0.9198473282442748,0.46580116338650174,Driver/sales workers and truck drivers,18616476.9733
4120,0.005835869849650602,44,0.91793893129771,0.46150399965660494,"Food servers, nonrestaurant",1086990.3311
4600,0.00582875331554092,45,0.916030534351145,0.4609300525626604,Childcare workers,5356862.6872
3515,0.005817755714333228,46,0.9141221374045801,0.4600430981609485,Medical records specialists,1127235.9008
4010,0.005753450953182046,47,0.9122137404580153,0.454856931661823,First-line supervisors of food preparation and serving workers,2922809.3868
2545,0.005748938079688262,48,0.9103053435114504,0.4544929692909307,Teaching assistants,7902803.879000001
5840,0.00573728229958497,49,0.9083969465648855,0.45355293288910425,Insurance claims and policy processing clerks,1511866.6492
5320,0.005689905364003537,50,0.9064885496183206,0.4497319922348656,"Library assistants, clerical",365441.6115
4030,0.0055683968279330335,51,0.9045801526717557,0.4399323523972322,Food preparation workers,4947336.0956
5522,0.005524344638761141,52,0.9026717557251909,0.4363795518952711,"Dispatchers, except police, fire, and ambulance",1073051.9514000001
160,0.005485386690512783,53,0.9007633587786259,0.43323760093451275,"Transportation, storage, and distribution managers",2018152.5839
5165,0.0054194493890577615,54,0.898854961832061,0.42791977037691514,"Financial clerks, all other",729188.5529
2300,0.005399746132904,55,0.8969465648854962,0.4263307065944047,Preschool and kindergarten teachers,3745091.5878
5260,0.005284147471652343,56,0.8950381679389313,0.4170076970132382,File clerks,887999.7881
4435,0.005248309246530664,57,0.8931297709923665,0.4141173511168092,Other entertainment attendants and related workers,975685.4295
3655,0.005207385876101378,58,0.8912213740458015,0.4108168892388357,Other healthcare support workers,1099551.1215000001
2330,0.005207164590977652,59,0.8893129770992366,0.4107990426365798,Special education teachers,2086666.8141
10,0.005162124568706498,60,0.8874045801526718,0.4071665735869964,Chief executives,8858392.9719
4040,0.005114059610719999,61,0.8854961832061069,0.40329014405940034,Bartenders,2228643.0643
230,0.005100787153839508,62,0.883587786259542,0.4022197229894447,Education and childcare administrators,5523774.8343
2555,0.005088610053250104,63,0.8816793893129771,0.40123764219165164,Other educational instruction and library workers,1015463.7055
540,0.005058425171338927,64,0.8797709923664122,0.3988032373272938,"Claims adjusters, appraisers, examiners, and investigators",1890320.4147
520,0.005033356954248328,65,0.8778625954198473,0.39678149048708056,"Wholesale and retail buyers, except farm products",994934.6166
5540,0.0049882951822530245,66,0.8759541984732825,0.39314726732646815,Postal service clerks,548883.806
6410,0.004970743768681827,67,0.8740458015267176,0.3917317492303627,Painters and paperhangers,2816897.0385
3110,0.004909382590243673,68,0.8721374045801527,0.38678298210541134,Physician assistants,916095.7143
2145,0.004904813226669172,69,0.8702290076335878,0.3864144638204793,Paralegals and legal assistants,2280492.8068
565,0.00486356880338925,70,0.8683206106870229,0.3830881090924491,Compliance officers,1743940.366
410,0.004850441301170665,71,0.866412213740458,0.3820293785878267,"Property, real estate, and community association managers",4042052.8441
3645,0.004842244227669025,72,0.8645038167938931,0.381368286201757,Medical assistants,3444699.5074
3602,0.004766118175551417,73,0.8625954198473282,0.37522873488183484,Personal care aides,7842307.2763
5330,0.00473912735991665,74,0.8606870229007634,0.37305193084239513,Loan interviewers and clerks,667418.0592
5140,0.004692412041743941,75,0.8587786259541985,0.36928434950368677,Payroll and timekeeping clerks,749306.6849
4740,0.004660012241638647,76,0.8568702290076335,0.36667131191710134,Counter and rental clerks,393402.8896
5300,0.004647069201558206,77,0.8549618320610687,0.3656274582480984,"Hotel, motel, and resort desk clerks",527451.0674
4350,0.0046126325784695095,78,0.8530534351145038,0.36285015128344406,Animal caretakers,1618116.5775000001
4920,0.00459980099510383,79,0.851145038167939,0.3618152865768422,Real estate brokers and sales agents,5406297.239
3401,0.004594840450417456,80,0.8492366412213741,0.3614152196112033,Emergency medical technicians,951039.9638
910,0.004585370960726206,81,0.8473282442748091,0.36065150710653954,Credit counselors and loan officers,2187662.1892
5310,0.004550651875526942,82,0.8454198473282443,0.35785141962752093,"Interviewers, except eligibility and loan",908627.9005
3421,0.004466335787154569,83,0.8435114503816794,0.351051343474123,Pharmacy technicians,2147192.8382
3640,0.004433283302963475,84,0.8416030534351145,0.34838566704276636,Dental assistants,1671042.2395
3603,0.004428939276061113,85,0.8396946564885497,0.3480353221166828,Nursing assistants,7446472.6602
3545,0.00439705493639832,86,0.8377862595419847,0.3454638563146848,Miscellaneous health technologists and technicians,811987.3171
3550,0.004351126062755683,87,0.8358778625954199,0.3417597015746025,Other healthcare practitioners and technical occupations,561506.4724
52,0.004320386037230945,88,0.833969465648855,0.3392805244856176,Sales managers,3198175.4513999997
4130,0.0043180889511881156,89,0.83206106870229,0.33909526494234793,Dining room and cafeteria attendants and bartender helpers,1421462.803
2002,0.004274468176857433,90,0.8301526717557252,0.3355772579635515,"Educational, guidance, and career counselors and advisors",2009963.2789
8740,0.004261507651586554,91,0.8282442748091603,0.33453199411733525,"Inspectors, testers, sorters, samplers, and weighers",4381075.3003
2025,0.004163094101050409,92,0.8263358778625954,0.32659496037809765,Other community and social service specialists,566454.4906
2100,0.004111980528281826,93,0.8244274809160306,0.3224726606603548,Lawyers,6131503.6833999995
735,0.00410527038857873,94,0.8225190839694656,0.32193148919638137,Market research analysts and marketing specialists,2615314.5456999997
110,0.004095288070598136,95,0.8206106870229007,0.32112641718977114,Computer and information systems managers,4130294.0414
2016,0.004070333870937717,96,0.8187022900763359,0.3191138658331602,Social and human service assistants,1277231.2587000001
7800,0.004055101787643809,97,0.816793893129771,0.3178854012735138,Bakers,1202489.037
705,0.0040207405916266046,98,0.8148854961832062,0.31511417748752774,Project management specialists,4858456.9706999995
3310,0.00394722410071268,99,0.8129770992366412,0.30918508677191675,Dental hygienists,1260645.1912
2435,0.0038872536423275456,100,0.8110687022900763,0.3043484809491694,Librarians and media collections specialists,974682.7032999999
530,0.0038676055638433037,101,0.8091603053435115,0.3027638672349905,"Purchasing agents, except wholesale, retail, and farm products",1545019.1505
2205,0.003860628330107627,102,0.8072519083969466,0.3022011546891579,Postsecondary teachers,5693962.5991
4200,0.003834617272630689,103,0.8053435114503817,0.3001033679548821,First-line supervisors of housekeeping and janitorial workers,1767804.6598
101,0.0038342634246085567,104,0.8034351145038168,0.300074830180613,Administrative services managers,410077.6323
8990,0.0038305697660352685,105,0.8015267175572519,0.29977693733397043,Other production workers,6844332.9998
9005,0.003827002392563583,106,0.799618320610687,0.2994892293562481,Supervisors of transportation and material moving workers,1808035.0082
5360,0.003806521836035648,107,0.7977099236641221,0.29783747644950914,"Human resources assistants, except payroll and timekeeping",369557.0296
9600,0.0038051102879041628,108,0.7958015267175572,0.2977236353668216,Industrial truck and tractor operators,3314603.5901
2722,0.0037363795023559916,109,0.7938931297709924,0.2921805108595945,Coaches and scouts,1632363.956
3960,0.0037262867618835962,110,0.7919847328244275,0.2913665333004641,Other protective service workers,657606.9834
420,0.0036905200373005503,111,0.7900763358778626,0.2884819539085907,Social and community service managers,2530707.626
7810,0.0036829380889412096,112,0.7881679389312977,0.28787047124579274,"Butchers and other meat, poultry, and fish processing workers",1348137.4108
4655,0.0036629314404892687,113,0.7862595419847328,0.2862569389333517,"Personal care and service workers, all other",718900.5645999999
5350,0.003656904398399411,114,0.7843511450381679,0.28577085915923117,Order clerks,684603.2054999999
710,0.0036227037590891163,115,0.7824427480916031,0.2830125842404779,Management analysts,5544794.0581
5220,0.0036106288131316994,116,0.7805343511450382,0.28203874219391656,"Court, municipal, and license clerks",470998.5726
51,0.0035907916997793884,117,0.7786259541984732,0.28043888285433766,Marketing managers,3297618.5672
4510,0.003549280790349218,118,0.7767175572519084,0.2770910360700405,"Hairdressers, hairstylists, and cosmetologists",3814053.562
4750,0.0035405579560383272,119,0.7748091603053435,0.2763875411768053,Parts salespersons,710865.7021
3424,0.0035131255517790146,120,0.7729007633587787,0.27417512310055064,Veterinary technologists and technicians,762830.0228
6230,0.0035044013015743405,121,0.7709923664122138,0.2734715140157568,Carpenters,6985451.6537999995
850,0.0034877361509462476,122,0.7690839694656488,0.27212747285390415,Personal financial advisors,2731306.5525
845,0.0034832666232064084,123,0.767175572519084,0.27176700630964984,Financial and investment analysts,2155923.4442
3050,0.0034779724393372425,124,0.7652671755725191,0.2713400314087101,Pharmacists,1981797.4355
960,0.0034675670141061246,125,0.7633587786259541,0.2705008358845108,Other financial specialists,530803.5774000001
5850,0.003463310630622031,126,0.7614503816793893,0.2701575593830906,"Mail clerks and mail machine operators, except postal service",272561.0195
3330,0.0034583924767154052,127,0.7595419847328244,0.2697609112256063,Nuclear medicine technologists and medical dosimetrists,242008.05849999998
4820,0.0034558518477736124,128,0.7576335877862596,0.26955600999483026,"Securities, commodities, and financial services sales agents",1249151.2482
9640,0.0034307212752215134,129,0.7557251908396947,0.26752923419875624,"Packers and packagers, hand",3724143.8251
6260,0.0034055598267681165,130,0.7538167938931297,0.2654999682672385,Construction laborers,11862736.7231
3620,0.0033864648838241164,131,0.7519083969465649,0.26395996482696343,Physical therapist assistants and aides,502447.1982
3322,0.0033793901734095457,132,0.75,0.2633893908059077,Diagnostic medical sonographers,507657.6457
5100,0.0033761026271454915,133,0.7480916030534351,0.2631242508381395,Bill and account collectors,561604.7604
3402,0.0033639988578965255,134,0.7461832061068703,0.2621480841987121,Paramedics,568519.6007
5730,0.003359028877828298,135,0.7442748091603053,0.26174725627135903,Medical secretaries and administrative assistants,394679.5922
9150,0.0033018271021219917,136,0.7423664122137404,0.25713394416899255,"Motor vehicle operators, all other",910737.0208
8300,0.0032753417810164683,137,0.7404580152671756,0.25499790816517137,Laundry and dry-cleaning workers,636334.6936
2014,0.0032624776934948706,138,0.7385496183206106,0.2539604220047068,"Social workers, all other",3724115.0245000003
4521,0.003254737696380565,139,0.7366412213740459,0.25333619274051333,Manicurists and pedicurists,1477884.8111999999
700,0.003254562079280788,140,0.7347328244274809,0.25332202925552044,Logisticians,1031229.0267
4622,0.0031966512989144076,141,0.732824427480916,0.24865153606500473,Recreation workers,732277.7334
3220,0.0031883326647125167,142,0.7309160305343512,0.24798063983206642,Respiratory therapists,574881.3354
726,0.0031772663880570385,143,0.7290076335877862,0.24708814676882704,Fundraisers,533572.9639
4251,0.00310918406247865,144,0.7270992366412214,0.2415973204322347,Landscaping and groundskeeping workers,5460851.7521
650,0.0031024099331102245,145,0.7251908396946565,0.24105098821417895,Training and development specialists,932320.5545999999
5410,0.0030878673524730314,146,0.7232824427480916,0.23987813190989804,Reservation and transportation ticket agents and travel clerks,626302.6851
3910,0.003073738256374073,147,0.7213740458015268,0.23873862305332877,Private detectives and investigators,632938.6987000001
725,0.0030546382334164126,148,0.7194656488549618,0.23719820991093857,"Meeting, convention, and event planners",918556.521
2350,0.0030275021052463226,149,0.7175572519083969,0.23500968644374412,Tutors,928641.3086
2440,0.0029762322307951643,150,0.7156488549618321,0.23087478102565473,Library technicians,168816.9332
102,0.0029511122440139337,151,0.7137404580152672,0.22884885896994553,Facilities managers,753070.1113
1108,0.0029432578111614352,152,0.7118320610687023,0.22821540048568972,"Computer occupations, all other",5950633.8785
2825,0.0029371566996375235,153,0.7099236641221374,0.22772334702609676,Public relations specialists,720679.7773
60,0.0029295846227080933,154,0.7080152671755725,0.22711266049220408,Public relations and fundraising managers,693558.1085999999
3323,0.002927366054588148,155,0.7061068702290076,0.2269337334041672,Radiologic technologists and technicians,1491502.1067
335,0.002835166483721363,156,0.7041984732824427,0.21949785591853446,Entertainment and recreation managers,294327.5695
4500,0.002832543574402574,157,0.7022900763358779,0.21928631879133223,Barbers,645976.3593
7750,0.0028230657502672897,158,0.700381679389313,0.2185219341153756,Other assemblers and fabricators,5393965.8725000005
7200,0.002796925767831476,159,0.6984732824427481,0.21641374960820317,Automotive service technicians and mechanics,4850593.0763
600,0.002794515194696691,160,0.6965648854961832,0.21621933735300605,Cost estimators,764347.9839
5550,0.0027794058307566505,161,0.6946564885496183,0.21500077008541746,Postal service mail carriers,1783899.5345
4800,0.0027727544362018313,162,0.6927480916030535,0.21446433640624446,Advertising sales agents,769015.8215999999
350,0.0027712132233937295,163,0.6908396946564885,0.2143400378925682,Medical and health services managers,4482834.9969
5940,0.0027609235644260183,164,0.6889312977099237,0.2135101788950313,"Office and administrative support workers, all other",3475887.492
8800,0.0027541993262681142,165,0.6870229007633588,0.21296787039341541,Packaging and filling machine operators and tenders,1475624.8502
860,0.0027430078227884493,166,0.6851145038167938,0.21206527781112391,Insurance underwriters,662647.0784
8140,0.002725773115782482,167,0.6832061068702291,0.21067530203800114,"Welding, soldering, and brazing workers",3080217.7179
4965,0.002693304755204701,168,0.6812977099236641,0.20805673506262376,"Sales and related workers, all other",1968575.7902
8810,0.002681940025232505,169,0.6793893129770993,0.2071401717973495,Painting workers,886757.1240000001
9121,0.0026631501233128382,170,0.6774809160305344,0.20562476985644923,"Bus drivers, school",1166788.8057
6200,0.0026571914143897397,171,0.6755725190839694,0.20514420113895784,First-line supervisors of construction trades and extraction workers,3890227.5707
1970,0.002647760300074395,172,0.6736641221374046,0.2043835836009085,"Other life, physical, and social science technicians",1738436.574
3230,0.002645725426930899,173,0.6717557251908397,0.20421947147704944,Speech-language pathologists,1081756.0381
2640,0.0026419236325768776,174,0.6698473282442747,0.2039128575006903,Other designers,2094389.9282
9430,0.002624923337094485,175,0.66793893129771,0.20254178697142206,Other transportation workers,232559.3675
150,0.0026239944894257744,176,0.666030534351145,0.2024668755873189,Purchasing managers,1310881.4195
1006,0.002578665880333907,177,0.6641221374045801,0.19881113206668727,Computer systems analysts,3104495.7157
3150,0.0025656099989325226,178,0.6622137404580153,0.19775817776706356,Occupational therapists,906866.9536
2006,0.0025620231509585973,179,0.6603053435114503,0.19746889917451743,"Counselors, all other",1406231.5614999998
136,0.0025096141199515433,180,0.6583969465648856,0.19324212100141455,Human resources managers,1674600.2354000001
640,0.0025094300173685853,181,0.6564885496183206,0.19322727316385094,"Compensation, benefits, and job analysis specialists",373807.7033
2634,0.0025048788118274263,182,0.6545801526717557,0.19286021932078168,Graphic designers,1623028.7318
9610,0.002496886949985708,183,0.6526717557251909,0.19221567721523344,Cleaners of vehicles and equipment,2021490.2858
4400,0.0024931711184550437,184,0.6507633587786259,0.1919159961238844,Gambling services workers,456971.9584
3245,0.0024911433027003335,185,0.6488549618320612,0.1917524531770604,"Therapists, all other",1592510.2524
810,0.0024515469655991724,186,0.6469465648854962,0.1885590162792959,Property appraisers and assessors,422330.4787
3430,0.002446814978078568,187,0.6450381679389313,0.18817738240469145,Dietetic technicians and ophthalmic medical technicians,344584.153
3930,0.0024445964147432027,188,0.6431297709923665,0.18799845570253002,Security guards and gambling surveillance officers,4802309.8071
3000,0.0024328516449705945,189,0.6412213740458015,0.18705124230115464,Chiropractors,294834.3109
5820,0.002421713067703729,190,0.6393129770992366,0.18615291820764737,Word processors and typists,284203.8109
3605,0.002412188612316555,191,0.6374045801526718,0.18538477273028142,Orderlies and psychiatric aides,276377.1076
3321,0.0024070114738654045,192,0.6354961832061068,0.18496723751957492,Cardiovascular technologists and technicians,297241.0573
3610,0.0023951265034151646,193,0.633587786259542,0.18400871696077492,Occupational therapy assistants and aides,172411.25470000002
3820,0.002382191418094344,194,0.6316793893129771,0.18296550484159055,Detectives and criminal investigators,880703.9403
4530,0.0023793996381209523,195,0.6297709923664122,0.18274034832888858,"Baggage porters, bellhops, and concierges",424847.6147
7700,0.0023661252305553072,196,0.6278625954198473,0.1816697699365541,First-line supervisors of production and operating workers,4219399.6269
5250,0.0023615022050508363,197,0.6259541984732824,0.18129692382739085,"Eligibility interviewers, government programs",444031.7344
6240,0.002355485779144721,198,0.6240458015267176,0.18081170024642756,"Carpet, floor, and tile installers and finishers",802908.6009
4621,0.0023373740191142828,199,0.6221374045801527,0.17935099031720123,Exercise trainers and group fitness instructors,1268056.1538
3300,0.002325096809823016,200,0.6202290076335878,0.1783608357720436,Clinical laboratory technologists and technicians,1960963.2454
6515,0.0023139797274547296,201,0.6183206106870229,0.17746424523793247,Roofers,1219619.3482
4522,0.002297908568477805,202,0.616412213740458,0.1761681093873958,Skincare specialists,506263.6997
2001,0.0022856092739332846,203,0.6145038167938932,0.17517617367085211,Substance abuse and behavioral disorder counselors,758469.0241
4930,0.0022766082059824198,204,0.6125954198473282,0.17445023928858486,Sales engineers,264468.335
8255,0.002264024759694141,205,0.6106870229007634,0.17343538678908813,Printing press operators,731471.9407
930,0.002256468351223641,206,0.6087786259541985,0.17282596391336544,"Tax examiners and collectors, and revenue agents",374409.6904
137,0.002247046229528081,207,0.6068702290076335,0.17206607162835538,Training and development managers,326094.45879999996
5720,0.0022405487487414796,208,0.6049618320610687,0.17154205106469975,Legal secretaries and administrative assistants,243158.3108
9350,0.002223027735551912,209,0.6030534351145038,0.17012898475346908,Parking attendants,302661.3564
6305,0.002213900291796371,210,0.6011450381679388,0.16939285818709632,Construction equipment operators,2049349.0712
3601,0.002212272386674791,211,0.5992366412213741,0.16926156795517333,Home health aides,3179103.5507
1065,0.0022033758123112465,212,0.5973282442748091,0.16854406096043123,Database administrators and architects,743902.8183
340,0.002196369987766051,213,0.5954198473282443,0.1679790425713632,Lodging managers,642695.9062
4830,0.0021952594608978756,214,0.5935114503816794,0.16788947879510457,Travel agents,361718.4721
3258,0.002178759065756376,215,0.5916030534351144,0.1665587251312508,Nurse practitioners,1506353.3905
7260,0.0021753101444020977,216,0.5896946564885497,0.16628057029379442,"Miscellaneous vehicle and mobile equipment mechanics, installers, and repairers",514454.889
3648,0.002168274161528908,217,0.5877862595419847,0.16571311964143032,Veterinary assistants and laboratory animal caretakers,370103.3685
3647,0.0021567011393018674,218,0.5858778625954199,0.1647797576462523,Pharmacy aides,195141.6758
9365,0.002156615420218599,219,0.583969465648855,0.164772844418833,Transportation service attendants,412420.6503
3649,0.002148255128661236,220,0.58206106870229,0.16409858852826556,Phlebotomists,704178.7231999999
4140,0.0021005617116702903,221,0.5801526717557253,0.16025212370980915,Dishwashers,1281825.4832000001
4420,0.002073403207508019,222,0.5782442748091603,0.15806179562319062,"Ushers, lobby attendants, and ticket takers",104241.1691
3422,0.0020642648158179806,223,0.5763358778625954,0.1573247861080267,Psychiatric technicians,640471.3225
3250,0.0020633280785198114,224,0.5744274809160306,0.15724923842683985,Veterinarians,472598.9837
3520,0.002059270767064945,225,0.5725190839694656,0.1569220170459179,"Opticians, dispensing",228616.5576
4640,0.002039890754463115,226,0.5706106870229007,0.1553590227930982,Residential advisors,171327.8621
1050,0.002036061810287238,227,0.5687022900763359,0.15505021918887876,Computer support specialists,3957470.7133
2050,0.002031079556250946,228,0.5667938931297709,0.15464840136838487,"Directors, religious activities and education",360585.00179999997
7340,0.002021893563957122,229,0.5648854961832062,0.15390755287376948,"Maintenance and repair workers, general",3651144.9961
5900,0.0020145413350086045,230,0.5629770992366412,0.15331459703684383,"Office machine operators, except computer",149175.16760000002
9122,0.002012821300438619,231,0.5610687022900763,0.15317587658279808,"Bus drivers, transit and intercity",1227757.2577
1010,0.0020082796821170113,232,0.5591603053435115,0.15280959594712382,Computer programmers,2364149.5987
6330,0.002001606153781241,233,0.5572519083969465,0.15227137718281542,"Drywall installers, ceiling tile installers, and tapers",946335.2331
4000,0.001996013139509478,234,0.5553435114503817,0.15182030166793783,Chefs and head cooks,2628441.3504999997
820,0.0019941735514051925,235,0.5534351145038168,0.15167193924456757,Budget analysts,302807.6354
3870,0.0019864984503019426,236,0.5515267175572519,0.1510529438310632,Police officers,3920655.0377
3030,0.0019825060585459053,237,0.549618320610687,0.1507309582112447,Dietitians and nutritionists,680362.3966
5560,0.0019818246510885794,238,0.5477099236641221,0.15067600283213786,"Postal service mail sorters, processors, and processing machine operators",324555.98480000003
2060,0.001978130579502313,239,0.5458015267175573,0.15037807667607883,"Religious workers, all other",382425.4286
1555,0.0019614016038547715,240,0.5438931297709924,0.14902888803880215,"Other engineering technologists and technicians, except drafters",1948442.261
140,0.0019518104961563116,241,0.5419847328244275,0.1482553670654746,Industrial production managers,1680232.5053
2015,0.001950166118456024,242,0.5400763358778626,0.1481227483232777,Probation officers and correctional treatment specialists,426046.0517
1825,0.0019366040389877345,243,0.5381679389312977,0.14702896924785963,Other psychologists,699031.5829
2170,0.001931703564650473,244,0.5362595419847328,0.14663374694421125,"Title examiners, abstractors, and searchers",499397.6867
1240,0.0019179561918147424,245,0.5343511450381679,0.14552502399469225,Other mathematical science occupations,1947241.916
8950,0.0019143668962321243,246,0.5324427480916031,0.14523554800298039,Helpers--production workers,296525.1606
5500,0.0019072087304852676,247,0.5305343511450382,0.14465824332558241,Cargo and freight agents,120117.1052
2635,0.0019064225219054675,248,0.5286259541984732,0.14459483575629997,Interior designers,598522.9144
3255,0.0018997476529203391,249,0.5267175572519084,0.14405650886888122,Registered nurses,19085648.5968
4340,0.0018994214812401338,250,0.5248091603053435,0.14403020318621382,Animal trainers,434387.7832
2105,0.0018991932254298612,251,0.5229007633587786,0.14401179439944164,Judicial law clerks,121878.8743
7640,0.0018768583101084898,252,0.5209923664122138,0.14221048781612078,"Other installation, maintenance, and repair workers",1097960.7725
9142,0.0018592728794608548,253,0.5190839694656488,0.14079222624940657,Taxi drivers,2338720.3328
4252,0.0018530809855182304,254,0.517175572519084,0.140292851205374,Tree trimmers and pruners,541354.9014
1360,0.001846854094396393,255,0.5152671755725191,0.13979065364563417,Civil engineers,2453907.5227
8225,0.001840322295139822,256,0.5133587786259541,0.13926386530404,Other metal workers and plastic workers,1960797.5244
4465,0.0018275764328427708,257,0.5114503816793894,0.1382359139849763,"Morticians, undertakers, and funeral arrangers",193122.96860000002
5150,0.0018238415446381647,258,0.5095419847328244,0.1379346959765746,Procurement clerks,234821.439
5630,0.0018226952335524487,259,0.5076335877862596,0.13784224621012045,"Weighers, measurers, checkers, and samplers, recordkeeping",367806.7078
6220,0.0018189991961100069,260,0.5057251908396947,0.1375441615081426,"Brickmasons, blockmasons, and stonemasons",686523.0682
940,0.0018146855422435972,261,0.5038167938931297,0.13719626616151034,Tax preparers,597213.7268000001
1007,0.0018117947016640528,262,0.5019083969465649,0.1369631204301593,Information security analysts,1074208.3432
3423,0.001811164172998436,263,0.5,0.13691226841572338,Surgical technologists,595141.7925
4540,0.0017815908200509104,264,0.49809160305343514,0.13452718324352766,Tour and travel guides,332964.9069
2861,0.0017762191497009239,265,0.4961832061068703,0.1340939590729573,Interpreters and translators,453502.381
4330,0.0017682268235101703,266,0.4942748091603053,0.13344937951774954,Supervisors of personal care and service workers,1214842.8823
2810,0.001746514644906662,267,0.49236641221374045,0.13169829652979143,"News analysts, reporters, and journalists",452411.89249999996
1021,0.0017213091530804629,268,0.4904580152671756,0.12966547850881024,Software developers,11959067.176800001
2830,0.0017207656395217313,269,0.4885496183206107,0.12962164424584663,Editors,555001.0349
3710,0.0017201325451225399,270,0.48664122137404575,0.12957058530549612,First-line supervisors of police and detectives,541187.3718
4240,0.0017150198960125607,271,0.4847328244274809,0.12915825114763152,Pest control workers,584221.0184
2180,0.0016889336200133118,272,0.48282442748091603,0.12705439805413848,"Legal support workers, all other",439985.1392
7210,0.0016849474238797262,273,0.48091603053435117,0.1267329121100675,Bus and truck mechanics and diesel engine specialists,1971394.8599
7420,0.0016834627019265992,274,0.4790076335877863,0.12661316957287466,Telecommunications line installers and repairers,819026.3541
3802,0.001682402957571671,275,0.47709923664122134,0.12652770139644764,Correctional officers and jailers,1804692.3517
7840,0.0016750157336664613,276,0.4751908396946565,0.12593192322306068,Food batchmakers,511283.56
3010,0.0016687702202164824,277,0.4732824427480916,0.12542822377617263,Dentists,881613.3798
2850,0.001668575977088489,278,0.47137404580152675,0.12541255810562119,Writers and authors,1210463.5494
4525,0.0016587033278568466,279,0.4694656488549618,0.12461633086231666,Other personal appearance workers,124804.8916
5230,0.0016480864315144503,280,0.4675572519083969,0.12376008023405953,"Credit authorizers, checkers, and clerks",180755.1968
1430,0.0016472056401888465,281,0.46564885496183206,0.12368904458469562,"Industrial engineers, including health and safety",1372013.219
900,0.0016396740359247266,282,0.4637404580152672,0.1230816221634006,Financial examiners,92584.8623
40,0.0016301368239032372,283,0.46183206106870234,0.12231244786595442,Advertising and promotions managers,342728.22479999997
2040,0.0016290837767322605,284,0.45992366412213737,0.12222751981611253,Clergy,1876277.4515
7010,0.0016249141418187836,285,0.4580152671755725,0.1218912395700664,"Computer, automated teller, and office machine repairers",893728.1599000001
8350,0.001609253050524544,286,0.45610687022900764,0.1206281755985048,"Tailors, dressmakers, and sewers",257317.952
7150,0.0015975831364836077,287,0.4541984732824428,0.11968699929735209,Automotive body and related repairers,705661.5079999999
8650,0.0015958475485302935,288,0.4522900763358778,0.11954702446596127,"Crushing, grinding, polishing, mixing, and blending workers",453133.04459999996
1410,0.0015936828880483396,289,0.45038167938931295,0.11937244501845977,Electrical and electronics engineers,1649180.8932
7855,0.0015853633421697576,290,0.4484732824427481,0.11870147525897336,"Food processing workers, all other",767261.4637
2011,0.0015569210024356144,291,0.44656488549618323,0.11640760608279888,"Child, family, and school social workers",352819.7218
4210,0.0015261140558481153,292,0.44465648854961837,0.11392303182309806,"First-line supervisors of landscaping, lawn service, and groundskeeping workers",1391476.2652
6400,0.0015234482694592335,293,0.4427480916030534,0.11370803666851938,Insulation workers,276333.6093
9050,0.0015085687836897115,294,0.44083969465648853,0.11250800903074172,Flight attendants,626959.9739
2710,0.0015068800200493929,295,0.4389312977099237,0.1123718105711009,Producers and directors,1045909.5255
6050,0.0015030731180955042,296,0.4370229007633588,0.11206478466780433,Miscellaneous agricultural workers,4091455.6186
6442,0.00150017304208313,297,0.43511450381679384,0.11183089410058906,"Plumbers, pipefitters, and steamfitters",3349436.4813
7000,0.0014911482994169893,298,0.433206106870229,0.11110305035713235,"First-line supervisors of mechanics, installers, and repairers",1380996.0786000001
8710,0.0014818384932951108,299,0.4312977099236641,0.11035221630132848,Cutting workers,294600.5536
7330,0.0014763218192460168,300,0.42938931297709926,0.10990729761058422,Industrial and refractory machinery mechanics,2253031.0164
1545,0.0014709771901409516,301,0.4274809160305344,0.10947625431116549,Other drafters,510904.3407
6520,0.0014571314240792402,302,0.4255725190839694,0.10835959596707868,Sheet metal workers,753234.9572
1551,0.0014512507654302034,303,0.42366412213740456,0.10788532198903335,Electrical and electronic engineering technologists and technicians,408177.8861
220,0.0014468382207005563,304,0.4217557251908397,0.10752945111348514,Construction managers,5720339.8065
1106,0.001440641359026938,305,0.41984732824427484,0.10702967542291261,Computer network architects,542222.3805
6660,0.001431230654987245,306,0.41793893129770987,0.10627070396963098,Construction and building inspectors,480581.8405
1305,0.0014197676169121244,307,0.416030534351145,0.10534621217494687,"Architects, except landscape and naval",1077970.6996
2721,0.0013961837395568381,308,0.41412213740458015,0.103444177046134,Athletes and sports competitors,183113.66009999998
1980,0.001387246306522636,309,0.4122137404580153,0.10272337480753793,Occupational health and safety specialists and technicians,491224.2917
2910,0.0013769212395059514,310,0.4103053435114504,0.10189066015772742,Photographers,1162008.9527
3100,0.001366631357964594,311,0.40839694656488545,0.10106078320966919,Surgeons,231079.7397
5521,0.0013475296461255362,312,0.4064885496183206,0.09952023385932222,Public safety telecommunicators,444807.61470000003
3630,0.0013423894654653432,313,0.40458015267175573,0.0991056792872794,Massage therapists,988578.6348
3750,0.0013410658035633055,314,0.40267175572519087,0.0989989262119297,Fire inspectors,123838.704
8320,0.0013277431422095143,315,0.4007633587786259,0.0979244561609519,Sewing machine operators,667499.5606
9760,0.0013256709472732678,316,0.39885496183206104,0.09775733404175525,Other material moving workers,345539.4275
2013,0.0013226193346253753,317,0.3969465648854962,0.09751122207431323,Mental health and substance abuse social workers,98695.2564
1031,0.0013225882781230274,318,0.3950381679389313,0.09750871737342989,Web developers,518930.69419999997
4950,0.00132247795051102,319,0.39312977099236646,0.09749981947294668,"Door-to-door sales workers, news and street vendors, and related workers",544838.5854
1560,0.0013150726032266666,320,0.3912213740458015,0.09690257965255124,Surveying and mapping technicians,327532.1913
2400,0.0013050302056664231,321,0.3893129770992366,0.09609266223950948,"Archivists, curators, and museum technicians",373386.0155
300,0.0013021339692775066,322,0.38740458015267176,0.09585908133718041,Architectural and engineering managers,1036701.7233
3324,0.0012853303367443242,323,0.3854961832061069,0.09450387163657487,Magnetic resonance imaging technologists,288867.5868
3725,0.0012708916745406708,324,0.38358778625954193,0.09333939633377841,First-line supervisors of security workers,440677.0989
1840,0.0012685465737407298,325,0.38167938931297707,0.09315026440967199,Urban and regional planners,239216.5991
9141,0.0012592147170919466,326,0.3797709923664122,0.0923976519831554,Shuttle drivers and chauffeurs,362176.485
7510,0.001257022819649304,327,0.37786259541984735,0.09222087588006364,"Coin, vending, and amusement machine servicers and repairers",171260.00759999998
9570,0.001256722484668045,328,0.3759541984732825,0.09219665392214892,"Conveyor, dredge, and hoist and winch operators",182616.653
4900,0.001238916020462622,329,0.3740458015267175,0.09076056604192288,"Models, demonstrators, and product promoters",128911.6767
6360,0.0012334400245409861,330,0.37213740458015265,0.09031892803425863,Glaziers,190234.9944
5020,0.001232882378947543,331,0.3702290076335878,0.09027395402543988,Telephone operators,87177.9002
8830,0.0012216880270497874,332,0.36832061068702293,0.0893711317187825,Photographic process workers and processing machine operators,142667.01069999998
7430,0.001213891036091267,333,0.36641221374045807,0.0887423059121211,Precision instrument and equipment repairers,253953.90720000002
2600,0.0012023064388210604,334,0.3645038167938931,0.08780801039195957,Artists and related workers,1603267.8749
830,0.0011971829112404461,335,0.36259541984732824,0.08739479888755079,Credit analysts,189465.68050000002
7720,0.001189267129982227,336,0.3606870229007634,0.08675639266628722,"Electrical, electronics, and electromechanical assemblers",608596.4446
1032,0.0011671111081281898,337,0.3587786259541985,0.0849695138063665,Web and digital interface designers,513520.1216
2865,0.001159521730256726,338,0.35687022900763354,0.08435743195485858,"Media and communication workers, all other",152179.7782
9415,0.0011428323312133773,339,0.3549618320610687,0.08301143516302445,Passenger attendants,131880.9816
9630,0.0011380830928611706,340,0.3530534351145038,0.08262841001220131,Machine feeders and offbearers,110507.2999
9410,0.0011347948447229703,341,0.35114503816793896,0.08236321343841958,Transportation inspectors,235981.58539999998
7220,0.0011323740672411473,342,0.3492366412213741,0.08216797820461551,Heavy vehicle and mobile equipment service technicians and mechanics,1194604.5485
1822,0.0011297873773736698,343,0.34732824427480913,0.08195936216912786,School psychologists,313978.4584
1306,0.0011295084474316841,344,0.34541984732824427,0.08193686652347375,Landscape architects,136380.15110000002
6600,0.001124026435716906,345,0.3435114503816794,0.08149474334326078,"Helpers, construction trades",322293.0058
8760,0.0011130946126136588,346,0.34160305343511455,0.08061309393289852,Dental and ophthalmic laboratory technicians and medical appliance technicians,388527.8995
2012,0.0011029472176576126,347,0.3396946564885496,0.0797947085002753,Healthcare social workers,422876.6818
7240,0.0011018099762235014,348,0.3377862595419847,0.07970299019946181,Small engine mechanics,264821.1692
1220,0.001088746171737503,349,0.33587786259541985,0.07864939690460256,Operations research analysts,907353.7223
6250,0.0010882611727458494,350,0.333969465648855,0.07861028183011048,"Cement masons, concrete finishers, and terrazzo workers",315163.5838
7020,0.0010812061574437355,351,0.33206106870229013,0.07804129621604966,Radio and telecommunications equipment installers and repairers,680977.8737
9510,0.0010788989959683627,352,0.33015267175572516,0.077855224091102,Crane and tower operators,348512.4355
4160,0.0010712276509865703,353,0.3282442748091603,0.07723653160806376,"Food preparation and serving related workers, all other",27906.048899999998
1860,0.0010484114135797926,354,0.32633587786259544,0.07539640649202561,Miscellaneous social scientists and related workers,340616.9869
9720,0.0010406614264180654,355,0.3244274809160306,0.07477137153244762,Refuse and recyclable material collectors,660987.1081000001
500,0.0010384402789636736,356,0.3225190839694656,0.07459223642158853,"Agents and business managers of artists, performers, and athletes",263018.7798
8620,0.0010375359640385508,357,0.32061068702290074,0.07451930359849157,Water and wastewater treatment plant and system operators,584616.5349
2905,0.001035607260317888,358,0.3187022900763359,0.07436375401796635,"Broadcast, sound, and lighting technicians",558264.5099
7300,0.0010353621702869041,359,0.316793893129771,0.07434398755456298,Control and valve installers and repairers,150830.5376
1900,0.0010334661285121413,360,0.31488549618320616,0.07419107215363178,Agricultural and food science technicians,225426.6899
1530,0.0010312481867258657,361,0.3129770992366412,0.07401219557928373,"Engineers, all other",3571174.1694
1760,0.0010286860554906251,362,0.3110687022900763,0.07380556019271682,"Physical scientists, all other",2342154.6076
360,0.0010028577811933088,363,0.30916030534351147,0.07172251488638179,Natural sciences managers,212843.4491
1650,0.00099629640509705,364,0.3072519083969466,0.07119334117841047,Medical scientists,811745.5946
7315,0.0009882899744612847,365,0.30534351145038163,0.07054762410245158,"Heating, air conditioning, and refrigeration mechanics and installers",2556327.2693
5010,0.0009849652661358737,366,0.30343511450381677,0.07027948702165171,"Switchboard operators, including answering service",43167.1897
2636,0.0009835608794005854,367,0.3015267175572519,0.07016622350417678,Merchandise displayers and window trimmers,191938.2467
1310,0.0009710731067336624,368,0.29961832061068705,0.06915908706366299,"Surveyors, cartographers, and photogrammetrists",228192.8505
7410,0.0009662154487515626,369,0.2977099236641222,0.06876731789074363,Electrical power-line installers and repairers,745426.4659
5530,0.000960306356828001,370,0.2958015267175572,0.06829075077462948,"Meter readers, utilities",126957.86720000001
5920,0.0009430850947091799,371,0.29389312977099236,0.06690185932904409,Statistical assistants,221193.69799999997
3946,0.000933088821363389,372,0.2919847328244275,0.0660956618249408,School bus monitors,192965.919
4461,0.0009316522616351587,373,0.29007633587786263,0.06597980356183294,"Embalmers, crematory operators and funeral attendants",93874.5043
6730,0.0009309201294824173,374,0.28816793893129766,0.06592075724589139,Highway maintenance workers,546825.7142
1935,0.0009137628844764103,375,0.2862595419847328,0.06453702876802259,Environmental  science and geoscience technicians,114361.6694
5340,0.0009123759441811949,376,0.28435114503816794,0.06442517230255151,New accounts clerks,72890.9938
4940,0.0008838254802050972,377,0.2824427480916031,0.06212258292726068,Telemarketers,188772.3264
7130,0.0008771789953256574,378,0.2805343511450382,0.0615865452124536,Security and fire alarm systems installers,309336.134
2920,0.0008675073257503556,379,0.27862595419847325,0.06080652693940355,"Television, video, and film camera operators and editors",749800.5251
7950,0.0008589209505724478,380,0.2767175572519084,0.060114037448743655,"Cutting, punching, and press machine setters, operators, and tenders, metal and plastic",401943.3583
1720,0.0008526984320564099,381,0.2748091603053435,0.059612192538812434,Chemists and materials scientists,489503.7098
8600,0.0008357007759390944,382,0.27290076335877866,0.058241334873825115,"Power plant operators, distributors, and dispatchers",236400.7255
8030,0.0008318563130532587,383,0.2709923664122137,0.05793127968866118,Machinists,1692394.5027
2752,0.0008295975490101328,384,0.26908396946564883,0.05774911080722566,Musicians and singers,661781.9331
8100,0.0008184600512813805,385,0.26717557251908397,0.056850873778257566,"Molders and molding machine setters, operators, and tenders, metal and plastic",153414.9333
1745,0.0008166937595509487,386,0.2652671755725191,0.056708422693204745,"Environmental scientists and specialists, including health",238987.4996
1022,0.0008029017813582434,387,0.26335877862595425,0.05559610233030791,Software quality assurance analysts and testers,462267.1611
3945,0.0008015491965052829,388,0.2614503816793893,0.055487016624583003,Transportation security screeners,273321.692
2862,0.0008008029358764622,389,0.2595419847328244,0.05542683084978933,Court reporters and simultaneous captioners,132555.41
2840,0.000798909841313379,390,0.25763358778625955,0.055274153140907764,Technical writers,316600.22
3740,0.0007944898784089337,391,0.2557251908396947,0.05491768399100268,Firefighters,1795743.4902
2805,0.0007941615520383268,392,0.2538167938931297,0.054891204532972845,Broadcast announcers and radio disc jockeys,127200.9044
1420,0.0007895553509492998,393,0.25190839694656486,0.05451971530964793,Environmental engineers,198618.717
9240,0.0007879608773777997,394,0.25,0.05439112132574659,Railroad conductors and yardmasters,272371.2992
1821,0.0007845564456565207,395,0.24809160305343514,0.05411655456855193,Clinical and counseling psychologists,96872.4844
3140,0.0007765040193227871,396,0.24618320610687028,0.05346712794848404,Audiologists,88063.4316
3720,0.0007753927409050168,397,0.2442748091603053,0.05337750355989651,First-line supervisors of firefighting and prevention workers,293047.7058
6355,0.0007749334891038001,398,0.24236641221374045,0.05334046499131318,Electricians,5236158.7653
7320,0.0007684081920747601,399,0.24045801526717558,0.05281420105310667,Home appliance repairers,280016.5248
1105,0.0007610054198348516,400,0.23854961832061072,0.05221716890954565,Network and computer systems administrators,1248317.8135000002
9040,0.000755445082824391,401,0.23664122137404575,0.05176872880944634,Air traffic controllers and airfield operations specialists,198246.4971
3040,0.0007514656839350928,402,0.2347328244274809,0.05144779106180716,Optometrists,229020.07510000002
6710,0.0007456678143959944,403,0.23282442748091603,0.05098019400940105,Fence erectors,198455.89130000002
1200,0.0007456154307256973,404,0.23091603053435117,0.05097596927656428,Actuaries,197840.8105
3700,0.0007447773189591806,405,0.2290076335877863,0.050908375725352534,First-line supervisors of correctional officers,317227.0009
6765,0.0007428508498057503,406,0.22709923664122134,0.05075300636224068,Miscellaneous construction and related workers,192032.3922
8610,0.0007397235777608786,407,0.22519083969465647,0.050500792479125006,Stationary engineers and boiler operators,426082.779
3200,0.0007377576004710826,408,0.22328244274809161,0.05034223679248758,Radiation therapists,62002.099
3210,0.0007305944550117399,409,0.22137404580152675,0.04976453050224467,Recreational therapists,65895.3361
3261,0.0007295734702174567,410,0.21946564885496178,0.049682188276856734,Acupuncturists,142520.7389
9210,0.0007230588257475326,411,0.21755725190839692,0.04915678346547424,Locomotive engineers and operators,284587.9624
135,0.0007202688810098444,412,0.21564885496183206,0.04893177496417536,Compensation and benefits managers,78794.1618
7905,0.0007160381214484851,413,0.2137404580152672,0.04859056502714765,Computer numerically controlled tool operators and programmers,480037.39749999996
2004,0.000708447684448847,414,0.21183206106870234,0.047978397757158155,Mental health counselors,997715.1274
8930,0.0006994279067739871,415,0.20992366412213737,0.04725095443928405,"Paper goods machine setters, operators, and tenders",80446.64839999999
1610,0.0006900521949606026,416,0.2080152671755725,0.046494805102258854,Biological scientists,601931.3055
8555,0.0006883009480775564,417,0.20610687022900764,0.04635356738122605,Other woodworkers,118358.3059
8920,0.0006857156793001158,418,0.20419847328244278,0.04614506595637391,"Molders, shapers, and casters, except metal and plastic",185961.8576
6130,0.0006848257035462939,419,0.2022900763358778,0.04607328958465777,Logging workers,284064.8555
8640,0.0006829950147089778,420,0.20038167938931295,0.04592564488544039,"Chemical processing machine setters, operators, and tenders",329198.787
2005,0.0006779765363952484,421,0.1984732824427481,0.04552090558400574,Rehabilitation counselors,115188.6085
1920,0.0006719780117483752,422,0.19656488549618323,0.04503712573612398,Chemical technicians,296224.3779
6441,0.0006711527530577574,423,0.19465648854961837,0.044970568782987455,Pipelayers,243841.1174
510,0.0006695130062361025,424,0.1927480916030534,0.044838323520253014,"Buyers and purchasing agents, farm products",57888.140900000006
8310,0.0006554657095718626,425,0.19083969465648853,0.04370541177220869,"Pressers, textile, garment, and related materials",117976.3369
1541,0.0006542938799037381,426,0.18893129770992367,0.043610903937038904,Architectural and civil drafters,199960.10859999998
8000,0.00064444629001502,427,0.1870229007633588,0.04281669772487482,"Grinding, lapping, polishing, and buffing machine tool setters, operators, and tenders, metal and plastic",214469.9681
3646,0.0006423820048170483,428,0.18511450381679384,0.042650213524534006,Medical transcriptionists,274914.6092
425,0.0006354606015270465,429,0.18320610687022898,0.04209200369330312,Emergency management directors,73672.6406
7740,0.0006323744055828338,430,0.18129770992366412,0.04184310258972879,Structural metal fabricators and fitters,134391.73630000002
7610,0.000630591344294246,431,0.17938931297709926,0.041699299043067274,"Helpers--installation, maintenance, and repair workers",122029.698
8500,0.0006292345070258936,432,0.1774809160305344,0.04158987038086681,Cabinetmakers and bench carpenters,304366.1961
3270,0.0006247795991351415,433,0.17557251908396942,0.04123058292460225,"Healthcare diagnosing or treating practitioners, all other",77055.8508
1400,0.0006197406438961675,434,0.17366412213740456,0.04082419216312316,Computer hardware engineers,492208.0202
6530,0.0006175319289033528,435,0.1717557251908397,0.04064605972787593,Structural iron and steel workers,281449.8324
2633,0.0006168706691077078,436,0.16984732824427484,0.04059272925377106,Floral designers,309720.7529
3120,0.0006118262349179776,437,0.16793893129770987,0.04018589661597748,Podiatrists,35213.9096
4255,0.000609103509860829,438,0.166030534351145,0.03996630936886033,Other grounds maintenance workers,99976.47409999999
6005,0.0006019710883639975,439,0.16412213740458015,0.03939108096022749,"First-line supervisors of farming, fishing, and forestry workers",237654.1713
6460,0.0006004690476352296,440,0.1622137404580153,0.03926994166714242,Plasterers and stucco masons,139505.0728
2770,0.0005965485654874064,441,0.16030534351145043,0.03895375554326182,"Entertainers and performers, sports and related workers, all other",249534.45260000002
6120,0.0005912602468178056,442,0.15839694656488545,0.03852725366952802,Forest and conservation workers,99157.9374
205,0.0005904176472435208,443,0.1564885496183206,0.03845929817749129,"Farmers, ranchers, and other agricultural managers",3213776.3263999997
5040,0.0005864631546458836,444,0.15458015267175573,0.03814036911743788,"Communications equipment operators, all other",10996.0566
7925,0.000573964951373453,445,0.15267175572519087,0.03713239145061548,"Forming machine setters, operators, and tenders, metal and plastic",132358.9308
7160,0.000568860835616233,446,0.1507633587786259,0.03672074550599376,Automotive glass installers and repairers,122725.43830000001
1460,0.0005660377381772382,447,0.14885496183206104,0.03649306324577262,Mechanical engineers,2324306.1576
3840,0.000557501296606393,448,0.14694656488549618,0.035804600890825426,Parking enforcement workers,121599.3214
8250,0.0005560750375210901,449,0.14503816793893132,0.03568957337256934,Prepress technicians and workers,90381.6257
6720,0.0005506473189336883,450,0.14312977099236646,0.03525182892253577,Hazardous materials removal workers,157730.2327
8450,0.0005500543224278635,451,0.14122137404580148,0.03520400386949846,Upholsterers,116164.2203
9265,0.0005333907498658828,452,0.13931297709923662,0.033860089978371255,Other rail transportation workers,81726.8059
1800,0.0005325475330292862,453,0.13740458015267176,0.03379208470424894,Economists,163857.9537
1750,0.0005257334901541124,454,0.1354961832061069,0.03324253346962498,"Geoscientists and hydrologists, except geographers",214367.9679
6825,0.0005226889448201428,455,0.13358778625954193,0.032996991479678384,"Earth drillers, except oil and gas",178286.12649999998
8465,0.0005066517195183018,456,0.13167938931297707,0.03170359237344741,"Other textile, apparel, and furnishings workers",87158.95820000001
3801,0.0005062480707784235,457,0.1297709923664122,0.03167103818096313,Bailiffs,95934.71729999999
3940,0.000500021827221696,458,0.12786259541984735,0.03116889284722368,Crossing guards and flaggers,174247.03889999999
6950,0.0004964772504041645,459,0.12595419847328249,0.030883023415231848,Other extraction workers,267069.8448
9650,0.0004938119500186835,460,0.12404580152671751,0.030668067456733072,Pumping station operators,85735.1902
1600,0.0004825912166713395,461,0.12213740458015265,0.029763117491289556,Agricultural and food scientists,158681.8358
2003,0.000479031452179102,462,0.12022900763358779,0.02947602317628207,Marriage and family therapists,196044.1031
2755,0.00047813047577610347,463,0.11832061068702293,0.029403359604346112,"Disc jockeys, except radio",120432.3648
1450,0.0004703276595153302,464,0.11641221374045807,0.028774063988189238,Materials engineers,321621.8229
3256,0.0004523707050155248,465,0.1145038167938931,0.027325839094945868,Nurse anesthetists,173360.2364
8510,0.000448690330350598,466,0.11259541984732824,0.027029017592932986,Furniture finishers,69084.7647
7120,0.0004406294583231039,467,0.11068702290076338,0.026378909829303434,Audiovisual equipment installers and repairers,162056.5817
7100,0.0004405892490807158,468,0.10877862595419852,0.026375666961713302,"Electrical and electronics repairers, industrial and utility",92797.0345
1910,0.0004402972588566256,469,0.10687022900763354,0.026352118006843714,Biological technicians,148465.8826
8335,0.0004364077632040276,470,0.10496183206106868,0.026038430937785573,Shoe and leather workers,78801.5084
1350,0.0004345879105212459,471,0.10305343511450382,0.02589166017232706,Chemical engineers,440959.9695
8750,0.00043379205737067685,472,0.10114503816793896,0.025827474770285037,Jewelers and precious stone and metal workers,245583.1159
9110,0.0004244397274289128,473,0.0992366412213741,0.025073211176665375,"Ambulance drivers and attendants, except emergency medical technicians",65790.7617
7350,0.00042187693099946183,474,0.09732824427480913,0.02486652214231457,"Maintenance workers, machinery",174138.9913
3900,0.00042099512314323033,475,0.09541984732824427,0.02479540450995292,Animal control workers,41735.82
8530,0.00041587707491610017,476,0.0935114503816794,0.024382634914338567,"Sawing machine setters, operators, and tenders, wood",115813.1284
2723,0.00040321858038778617,477,0.09160305343511455,0.02336172978885707,"Umpires, referees, and other sports officials",130949.80010000001
6700,0.00039975492154142574,478,0.08969465648854957,0.023082386375526256,Elevator and escalator installers and repairers,242825.6355
2751,0.00038922764971093617,479,0.08778625954198471,0.02223336394674971,Music directors and composers,218541.0044
7540,0.00038627382770636267,480,0.08587786259541985,0.021995138775700813,Locksmiths and safe repairers,167155.6476
2632,0.0003815198128216536,481,0.08396946564885499,0.02161172839845896,Fashion designers,172335.5392
8256,0.0003791956459235117,482,0.08206106870229013,0.021424284789467368,Print binding and finishing workers,64162.426499999994
6010,0.00037085938007124446,483,0.08015267175572516,0.020751966567350198,Agricultural inspectors,81642.3475
7850,0.0003708066515044742,484,0.0782442748091603,0.020747714018679843,Food cooking machine operators and tenders,74995.4295
8630,0.00036888841116703065,485,0.07633587786259544,0.020593008307979322,Miscellaneous plant and system operators,246648.2853
7040,0.00036871868022068054,486,0.07442748091603058,0.02057931954011723,"Electric motor, power tool, and related repairers",138562.4938
2631,0.0003571342613544947,487,0.0725190839694656,0.01964503840820534,Commercial and industrial designers,80847.9647
1640,0.0003544735338607903,488,0.07061068702290074,0.019430451252540306,Conservation scientists and foresters,151634.251
8850,0.0003511993901899499,489,0.06870229007633588,0.01916639220131212,Adhesive bonding machine operators and tenders,51352.429000000004
8365,0.0003479447315385696,490,0.06679389312977102,0.01890390461311948,"Textile machine setters, operators, and tenders",143224.983
7140,0.0003341645519858443,491,0.06488549618320616,0.017792535808245784,Aircraft mechanics and service technicians,940230.2164
8025,0.00032945476517892204,492,0.06297709923664119,0.017412692416888528,"Other machine tool setters, operators, and tenders, metal and plastic",39987.792
8720,0.00032594528446097453,493,0.06106870229007633,0.01712965347851263,"Extruding, forming, pressing, and compacting machine setters, operators, and tenders",112583.2547
6210,0.0003257562163688271,494,0.059160305343511466,0.01711440517359718,Boilermakers,102348.5129
8130,0.0003237141563332062,495,0.057251908396946605,0.016949713428283927,Tool and die makers,211911.5868
1005,0.00032255801669604117,496,0.05534351145038163,0.016856470991064076,Computer and information research scientists,229746.9738
6850,0.0003196030811866954,497,0.05343511450381677,0.016618156016071535,Underground mining machine operators,211737.2241
7830,0.000307382274385452,498,0.05152671755725191,0.015632550320781147,"Food and tobacco roasting, baking, and drying machine operators and tenders",57885.6386
1710,0.0002979266298725496,499,0.04961832061068705,0.014869954427062433,Atmospheric and space scientists,57994.961299999995
1320,0.00029114879259780843,500,0.04770992366412219,0.01432332316708239,Aerospace engineers,926221.7112
6540,0.00028255882528071754,501,0.04580152671755722,0.013630543971094963,Solar photovoltaic installers,130509.3226
9300,0.00026948882055914187,502,0.043893129770992356,0.012576450628440481,Sailors and marine oilers,138378.0275
6740,0.00026751384816470154,503,0.041984732824427495,0.0124171694883603,Rail-track laying and maintenance equipment operators,72125.16709999999
8040,0.00026657240582842915,504,0.040076335877862634,0.012341242346764121,"Metal furnace operators, tenders, pourers, and casters",94990.00899999999
8910,0.0002640513729113012,505,0.03816793893129766,0.012137921531571866,Etchers and engravers,22012.581599999998
7730,0.00026082233681995194,506,0.0362595419847328,0.011877500397869938,Engine and other machine assemblers,31715.242000000002
9030,0.000260179042733301,507,0.03435114503816794,0.011825618854706576,Aircraft pilots and flight engineers,986182.2973
8940,0.00024128133658021285,508,0.03244274809160308,0.010301522523316014,Tire builders,32026.256
6040,0.00023987801223242025,509,0.03053435114503822,0.010188344687186298,"Graders and sorters, agricultural products",233234.3008
8730,0.00021411195357653223,510,0.028625954198473247,0.008110317060250435,"Furnace, kiln, oven, drier, and kettle operators and tenders",57746.2113
1340,0.00021291680480696899,511,0.026717557251908386,0.008013928544078083,Bioengineers and biomedical engineers,177842.05310000002
6800,0.00020335059762629606,512,0.024809160305343525,0.007242415792674489,"Derrick, rotary drill, and service unit operators, oil and gas",152817.6757
6115,0.00020277686457016825,513,0.022900763358778664,0.007196144333114356,Fishing and hunting workers,144573.8704
5910,0.00019872887185736559,514,0.020992366412213692,0.006869674506930183,Proofreaders and copy markers,43296.009099999996
9310,0.00019713920208853523,515,0.01908396946564883,0.006741467948781277,Ship and boat captains and operators,200804.32650000002
7360,0.00019615681207730786,516,0.01717557251908397,0.006662238385151847,Millwrights,273399.8136
7560,0.00018628335451778736,517,0.01526717557251911,0.005865945950360943,Riggers,69245.0037
8540,0.00018422596360012395,518,0.013358778625954248,0.005700017772388153,"Woodworking machine setters, operators, and tenders, except sawing",93360.52249999999
1700,0.000175753204340458,519,0.011450381679389277,0.00501669138347073,Astronomers and physicists,118997.2227
7030,0.00016473487371193888,520,0.009541984732824416,0.004128065157994679,Avionics technicians,39777.8504
1520,0.00016356865457397714,521,0.007633587786259555,0.004034009810992974,Petroleum engineers,169645.4997
2700,0.0001604992606549043,522,0.005725190839694694,0.003786463787483292,Actors,245526.609
2740,0.00015294031081627434,523,0.003816793893129722,0.003176835950914429,Dancers and choreographers,61623.1477
6835,0.00014816080978456207,524,0.001908396946564861,0.002791370120866071,"Explosives workers, ordnance handling experts, and blasters",77806.57949999999
1440,0.00011354981360132976,525,0.0,0.0,Marine engineers and naval architects,59095.3094
